﻿Name,Created,Created By,Last Edited Time,Participants,Type
"Oct 3 BRD + HLD ","October 3, 2022 10:59 AM",Darius Koroni,"October 3, 2022 11:00 AM","Darius Koroni, Tien, Jett Sonoda, Bryan Tran, Kevin Dinh, Garrett",
Oct 2 Project Plan + BRD Review,"October 2, 2022 10:19 PM",Darius Koroni,"October 2, 2022 10:21 PM","Darius Koroni, Tien, Jett Sonoda, Bryan Tran, Kevin Dinh, Garrett",
Oct 1 Standup,"October 1, 2022 10:05 PM",Darius Koroni,"October 1, 2022 10:15 PM","Darius Koroni, Jett Sonoda, Bryan Tran, Kevin Dinh",
Sep 30,"September 30, 2022 6:34 PM",Tien,"September 30, 2022 8:47 PM","Tien, Jett Sonoda, Bryan Tran, Kevin Dinh, Darius Koroni, Garrett",
Sept 26-Office hours,"September 28, 2022 8:42 PM",Darius Koroni,"September 28, 2022 8:45 PM",,
Sep 28-Office hour,"September 28, 2022 8:11 PM",Tien,"September 28, 2022 8:45 PM",,
Sep 27,"September 28, 2022 10:57 AM",Tien,"September 28, 2022 11:01 AM","Jett Sonoda, Bryan Tran, Kevin Dinh, Garrett",Standup
Sep 26,"September 27, 2022 6:22 PM",Tien,"October 5, 2022 5:13 PM","Tien, Jett Sonoda, Bryan Tran, Kevin Dinh, Good Guy Jett, Darius Koroni, Garrett","Ad Hoc, Sprint planning"
Sep 25,"September 25, 2022 1:36 PM",Tien,"September 28, 2022 10:59 AM","Tien, Jett Sonoda, Bryan Tran, Kevin Dinh, Good Guy Jett, Darius Koroni, Garrett","Sprint planning, Sprint retro"
Sep 23,"September 24, 2022 12:50 AM",Tien,"September 28, 2022 10:59 AM","Tien, Jett Sonoda, Bryan Tran, Kevin Dinh, Good Guy Jett, Garrett","Ad Hoc, Standup"
Sep 22,"September 22, 2022 10:09 PM",Bryan Tran,"September 24, 2022 12:49 AM","Tien, Jett Sonoda, Bryan Tran, Kevin Dinh, Good Guy Jett",Ad Hoc
Sep 21-Late Night,"September 21, 2022 11:23 PM",Tien,"September 28, 2022 11:00 AM","Tien, Kevin Dinh, Good Guy Jett, Darius Koroni, Bryan Tran","Ad Hoc, Sprint planning"
Sep 21,"September 21, 2022 10:03 PM",Tien,"September 21, 2022 10:08 PM","Tien, Kevin Dinh, Good Guy Jett, Garrett, Darius Koroni, Jett Sonoda",Ad Hoc
Sep 19,"September 21, 2022 9:58 PM",Tien,"September 21, 2022 10:01 PM","Tien, Kevin Dinh, Good Guy Jett, Garrett, Darius Koroni, Jett Sonoda",Ad Hoc