﻿Task name,Assign,Date,Description,Effort,Priority,Productivity,Productivity Log,Sprints,Status,Story,Tag
Review BRD - JS,Jett Sonoda,,-Review BRD and comment any questions or concerns,3,P0,1.75,"5%20f902fffc38ac4643aae80b96c5827a9c.md, Untitled%2080abf4c48da54d0da752fdef7bb6e05b.md","Sprint%202%2087f766b2aea949e0975d92e7109d70fb.md, Sprint%203%20b3420b04fd6e40f580498d314d595ea6.md",Done,Business%20Requirements%20Document%20v2%20e951171d0bc74decb5d8739c91825d66.md,Task
Review BRD - DK,Darius Koroni,,-Review BRD and comment any questions or concerns,2,P0,6.5,"DK%20ed8c1c478d024bd7bd3b5820b4a6c50b.md, DK%2016c422b07dfb40b6bed3adf7adce4587.md, DK%20e6ba8db70a974c45923ef855655048d4.md","Sprint%202%2087f766b2aea949e0975d92e7109d70fb.md, Sprint%203%20b3420b04fd6e40f580498d314d595ea6.md",Done,Business%20Requirements%20Document%20v2%20e951171d0bc74decb5d8739c91825d66.md,Task
Review BRD - GT,Garrett,,-Review BRD and comment any questions or concerns,2,P0,,,"Sprint%202%2087f766b2aea949e0975d92e7109d70fb.md, Sprint%203%20b3420b04fd6e40f580498d314d595ea6.md",Done,Business%20Requirements%20Document%20v2%20e951171d0bc74decb5d8739c91825d66.md,Task
Review BRD - KD,Kevin Dinh,,-Review BRD and comment any questions or concerns,2,P0,6,"Untitled%204579987aee7e46f599389be00ecdff16.md, Untitled%204832d4d81d6b4cdaad3c6c269931d18f.md, Untitled%20101c0326bcec443fa0aeebf9b55b3287.md","Sprint%202%2087f766b2aea949e0975d92e7109d70fb.md, Sprint%203%20b3420b04fd6e40f580498d314d595ea6.md",Done,Business%20Requirements%20Document%20v2%20e951171d0bc74decb5d8739c91825d66.md,Task
Review BRD - BT,Bryan Tran,,-Review BRD and comment any questions or concerns,2,P0,,,"Sprint%202%2087f766b2aea949e0975d92e7109d70fb.md, Sprint%203%20b3420b04fd6e40f580498d314d595ea6.md",Done,Business%20Requirements%20Document%20v2%20e951171d0bc74decb5d8739c91825d66.md,Task
Conduct Internal Review of BRD,Tien,,-Ensure all comments and questions are answered,1,P0,8,"TN%20bed00dfabd654593801031fcb5e5a035.md, TN%20a85ab8dbb2a946f3bb27815bd02e2220.md, TN%2001c724fe9957429ea8e9740d9ba9c7fd.md, TN%203e3359552c464941b8fb5ecc793e3100.md","Sprint%202%2087f766b2aea949e0975d92e7109d70fb.md, Sprint%203%20b3420b04fd6e40f580498d314d595ea6.md",Done,Business%20Requirements%20Document%20v2%20e951171d0bc74decb5d8739c91825d66.md,Task
Write the Cover Page/Abstract,Garrett,,,1,P0,,,"Sprint%202%2087f766b2aea949e0975d92e7109d70fb.md, Sprint%203%20b3420b04fd6e40f580498d314d595ea6.md",Done,Business%20Requirements%20Document%20v2%20e951171d0bc74decb5d8739c91825d66.md,Task
Populate Account System Feature,Tien,,"- Create Functional Requirements
- Create Non-functional Requirements
- Create Business Rules
- Create Verification/Error Handling Protocols",5,P0,5,"TN%205ec8be4094ec4fde9f68f87b45c2813b.md, TN%2029737dec3be548c4bc7a64771a7cd551.md, TN%20bb99e59832f548569498c6d94f5acc7e.md","Sprint%202%2087f766b2aea949e0975d92e7109d70fb.md, Sprint%203%20b3420b04fd6e40f580498d314d595ea6.md",Done,Business%20Requirements%20Document%20v2%20e951171d0bc74decb5d8739c91825d66.md,Task
Populate Listing Profile System Feature,Garrett,,"- Create Functional Requirements
- Create Non-functional Requirements
- Create Business Rules
- Create Verification/Error Handling Protocols",1,P0,,,"Sprint%202%2087f766b2aea949e0975d92e7109d70fb.md, Sprint%203%20b3420b04fd6e40f580498d314d595ea6.md",Done,Business%20Requirements%20Document%20v2%20e951171d0bc74decb5d8739c91825d66.md,Task
Populate Messaging System Feature,Kevin Dinh,,"- Create Functional Requirements
- Create Non-functional Requirements
- Create Business Rules
- Create Verification/Error Handling Protocols",3,P0,,KD%2006ae6f562dac4c4d877a5ed12aa86cdc.md,Sprint%202%2087f766b2aea949e0975d92e7109d70fb.md,Done,Business%20Requirements%20Document%20v2%20e951171d0bc74decb5d8739c91825d66.md,Task
Populate Notification System Feature,Kevin Dinh,,"- Create Functional Requirements
- Create Non-functional Requirements
- Create Business Rules
- Create Verification/Error Handling Protocols",3,P0,4.5,"KD%2094b128e29b134591a5ac9e6db2118fee.md, Untitled%2005beba569b8546bcabafad08c2f80b61.md, Untitled%202109505d92c34a55b8d7fbfede6284dd.md","Sprint%202%2087f766b2aea949e0975d92e7109d70fb.md, Sprint%203%20b3420b04fd6e40f580498d314d595ea6.md",Done,Business%20Requirements%20Document%20v2%20e951171d0bc74decb5d8739c91825d66.md,Task
Populate Discovery System Feature,Bryan Tran,,"- Create Functional Requirements
- Create Non-functional Requirements
- Create Business Rules
- Create Verification/Error Handling Protocols",3,P0,3,BT%20b76770822e394552b83d1e2dfc86ae56.md,Sprint%202%2087f766b2aea949e0975d92e7109d70fb.md,Done,Business%20Requirements%20Document%20v2%20e951171d0bc74decb5d8739c91825d66.md,Task
Populate Scheduling System Feature,Darius Koroni,,"- Create Functional Requirements
- Create Non-functional Requirements
- Create Business Rules
- Create Verification/Error Handling Protocols",5,P0,4.2,"DK%20a7e6d0150d3e42c1b7efff4d84c883c7.md, DK%20a52eb2eae57f45c1b7b7beb9cb10b094.md, DK%2089bace38018b4a00aa5b57f86ab436f4.md",Sprint%202%2087f766b2aea949e0975d92e7109d70fb.md,Done,Business%20Requirements%20Document%20v2%20e951171d0bc74decb5d8739c91825d66.md,Task
Populate the Project Showcase Feature Requirements,Darius Koroni,,"- Create Functional Requirements
- Create Non-functional Requirements
- Create Business Rules
- Create Verification/Error Handling Protocols",2,P1,3,"DK%20bb158117c2214d779ff2eca2133a119d.md, DK%20c9e457b3d1b24f8a9d8adfd96a33bb73.md",Sprint%203%20b3420b04fd6e40f580498d314d595ea6.md,Done,Project-wide%20Scope%20Requirements%20for%20BRD%204e84ca8b13ec4ec8929723e88b2255b7.md,Task
Populate the Logging System Requirements,Tien,,"- Create Functional Requirements
- Create Non-functional Requirements
- Create Verification/Error Handling Protocols",2,P1,2,TN%20cd198298edbd41e68d0c3ffa0a587692.md,Sprint%203%20b3420b04fd6e40f580498d314d595ea6.md,Done,Project-wide%20Scope%20Requirements%20for%20BRD%204e84ca8b13ec4ec8929723e88b2255b7.md,Task
Populate the Error-Handling System Requirements,Bryan Tran,,"- Create Functional Requirements
- Create Non-functional Requirements
- Create Verification/Error Handling Protocols",2,P1,2,BT%20a74b99de9b6e4e898b84bb09dbad1955.md,Sprint%203%20b3420b04fd6e40f580498d314d595ea6.md,Done,Project-wide%20Scope%20Requirements%20for%20BRD%204e84ca8b13ec4ec8929723e88b2255b7.md,Task
Review Project Plan - GT,Garrett,,-Review BRD and comment any questions or concerns,1,P2,,,Sprint%203%20b3420b04fd6e40f580498d314d595ea6.md,Done,Project%20Plan%20v1%200a6a4e32bcff4379a00a3b4c055f7e32.md,Task
Review Project Plan - TN,Tien,,-Review BRD and comment any questions or concerns,1,P2,1,TN%207a68f00766064319ac6d1aec81438dc3.md,Sprint%203%20b3420b04fd6e40f580498d314d595ea6.md,Done,Project%20Plan%20v1%200a6a4e32bcff4379a00a3b4c055f7e32.md,Task
Review Project Plan - DK,Darius Koroni,,-Review BRD and comment any questions or concerns,1,P2,0.5,Untitled%20500b21a6a35541279f059ae770983ab3.md,Sprint%203%20b3420b04fd6e40f580498d314d595ea6.md,Done,Project%20Plan%20v1%200a6a4e32bcff4379a00a3b4c055f7e32.md,Task
Review Project Plan - KD,Kevin Dinh,,-Review BRD and comment any questions or concerns,1,P2,2.5,"KD%20639ea154bc3e4e48bd34835d4b6fcd9a.md, Untitled%20d5c96616a749441d9d8495522a5e05c8.md, Untitled%20d3c3da94f09145cca5ca2bb32ae2798e.md",Sprint%203%20b3420b04fd6e40f580498d314d595ea6.md,Done,Project%20Plan%20v1%200a6a4e32bcff4379a00a3b4c055f7e32.md,Task
Review Project Plan - BT,Bryan Tran,,-Review BRD and comment any questions or concerns,1,P2,1,BT%20b6f77669de8d44a4b45d36dc1f890237.md,Sprint%203%20b3420b04fd6e40f580498d314d595ea6.md,Done,Project%20Plan%20v1%200a6a4e32bcff4379a00a3b4c055f7e32.md,Task
Conduct Review of Project Plan - JS,Jett Sonoda,,,1,P2,0.5,JS%204d289dca9f194c59bca67e5d7fa649a5.md,Sprint%203%20b3420b04fd6e40f580498d314d595ea6.md,Done,Project%20Plan%20v1%200a6a4e32bcff4379a00a3b4c055f7e32.md,Task
Map out the Internal Project Plan - KD,Kevin Dinh,,,1.5,P2,,,Sprint%203%20b3420b04fd6e40f580498d314d595ea6.md,Done,Project%20Plan%20v1%200a6a4e32bcff4379a00a3b4c055f7e32.md,Task
Map out the Internal Project Plan - JS,Jett Sonoda,,,1.5,P2,6.5,"JS%208bd49cffb8f446fe828877203d2d4202.md, Untitled%20b108a08ae7e14f26b9149d27e0a56631.md, Untitled%20c7279c61c3d446f6874116f676bed666.md",Sprint%203%20b3420b04fd6e40f580498d314d595ea6.md,Done,Project%20Plan%20v1%200a6a4e32bcff4379a00a3b4c055f7e32.md,
Create stories/more granular names for the Internal Project Plan - TN,Tien,,,2,P2,,,Sprint%203%20b3420b04fd6e40f580498d314d595ea6.md,Done,Project%20Plan%20v1%200a6a4e32bcff4379a00a3b4c055f7e32.md,Task
Create stories/more granular names for the Internal Project Plan - JS,Jett Sonoda,,,4,P2,8,"JS%205de1789940b24b1ca64f8f6d839cd265.md, Untitled%20dc5e4604c7de4f43ba585b8ace25d5e4.md, Untitled%2068296c56381841d3830262fe05eddf7b.md",Sprint%203%20b3420b04fd6e40f580498d314d595ea6.md,Done,Project%20Plan%20v1%200a6a4e32bcff4379a00a3b4c055f7e32.md,Task
Fix small changes to the Client Roadmap,Jett Sonoda,,,0.25,P2,0.25,JS%208833f36c4d2e48f3a4bc00034a6bae5d.md,Sprint%203%20b3420b04fd6e40f580498d314d595ea6.md,Done,Project%20Plan%20v1%200a6a4e32bcff4379a00a3b4c055f7e32.md,Task
Create diagrams for each component of the General Behavior/Architecture - BT,Bryan Tran,,Input: Research General Behavior of the System,2,P3,3,"BT%20458fb9f8be9d451e9780e5700c61eb90.md, BT%20f4ea4fdab10b45479df682e1c1edd885.md",Sprint%203%20b3420b04fd6e40f580498d314d595ea6.md,Done,Research%20High-Level%20Design%2039c5c32464954d1ab6226f64ab78ebd9.md,Task
Create diagrams for each component of the General Behavior/Architecture - JS,Jett Sonoda,,Input: Research General Behavior of the System,2,P3,,,Sprint%203%20b3420b04fd6e40f580498d314d595ea6.md,Done,Research%20High-Level%20Design%2039c5c32464954d1ab6226f64ab78ebd9.md,Task
Research Architecture of the system - GT,Garrett,,Document the findings of the architecture,1.5,P3,,,Sprint%203%20b3420b04fd6e40f580498d314d595ea6.md,Done,Research%20High-Level%20Design%2039c5c32464954d1ab6226f64ab78ebd9.md,Task
Research Architecture of the system - DK,Darius Koroni,,Document the findings of the architecture,2,P3,0.5,DK%203923a7780be342afad5d071cb9a1b547.md,Sprint%203%20b3420b04fd6e40f580498d314d595ea6.md,Done,Research%20High-Level%20Design%2039c5c32464954d1ab6226f64ab78ebd9.md,Task
Research Architecture of the system - JS,Jett Sonoda,,Document the findings of the architecture,2,P3,1,1%20037b0c6ae0314074b950443bafde772c.md,Sprint%203%20b3420b04fd6e40f580498d314d595ea6.md,Done,Research%20High-Level%20Design%2039c5c32464954d1ab6226f64ab78ebd9.md,Task
" Research Architecture of the system - BT",Bryan Tran,,Document the findings of the architecture,2,P3,2,BT%2042eacd30589e4e69ad81fee31abb793b.md,Sprint%203%20b3420b04fd6e40f580498d314d595ea6.md,Done,Research%20High-Level%20Design%2039c5c32464954d1ab6226f64ab78ebd9.md,Task
Research General Behavior of the system - GT,Garrett,,"Document the findings of the general behavior which includes message format, web service style, input validation on frontend and backend, security, type of data storage, database tie-in, reference to error handling",3,P3,,,Sprint%203%20b3420b04fd6e40f580498d314d595ea6.md,Done,Research%20High-Level%20Design%2039c5c32464954d1ab6226f64ab78ebd9.md,Task
Research General Behavior of the system - DK,Darius Koroni,,"Document the findings of the general behavior which includes message format, web service style, input validation on frontend and backend, security, type of data storage, database tie-in, reference to error handling",2,P3,,,Sprint%203%20b3420b04fd6e40f580498d314d595ea6.md,Done,Research%20High-Level%20Design%2039c5c32464954d1ab6226f64ab78ebd9.md,Task
Research General Behavior of the system - JS,Jett Sonoda,,"Document the findings of the general behavior which includes message format, web service style, input validation on frontend and backend, security, type of data storage, database tie-in, reference to error handling",3,P3,,,Sprint%203%20b3420b04fd6e40f580498d314d595ea6.md,Done,Research%20High-Level%20Design%2039c5c32464954d1ab6226f64ab78ebd9.md,Task
Research General Behavior of the system - BT,Bryan Tran,,"Document the findings of the general behavior which includes message format, web service style, input validation on frontend and backend, security, type of data storage, database tie-in, reference to error handling",2,P3,3,"BT%20b0ee61c9e34b43faa9ddf20a4d7079fd.md, BT%20fbc4b822f25e4a28a53029a693828f44.md",Sprint%203%20b3420b04fd6e40f580498d314d595ea6.md,Done,Research%20High-Level%20Design%2039c5c32464954d1ab6226f64ab78ebd9.md,Task
Compile to create Google Doc of the High-level design,Kevin Dinh,,,2.5,P4,,,Sprint%203%20b3420b04fd6e40f580498d314d595ea6.md,Done,Research%20High-Level%20Design%20Document%20Format%20bf3ad20091334c0e9ce30e64054d490f.md,Task
Research High-level design documents online,Kevin Dinh,,,2.5,P4,3,"Untitled%20e7627f99bc7d4ad7ac6a42068c93bc33.md, Untitled%20f7ece497c9e044debba4b6d28814a741.md",Sprint%203%20b3420b04fd6e40f580498d314d595ea6.md,Done,Research%20High-Level%20Design%20Document%20Format%20bf3ad20091334c0e9ce30e64054d490f.md,Task
Review HL Design Doc - JS,Jett Sonoda,,'-Review HL Design Doc and comment any questions or concerns,2,P5,,,Sprint%203%20b3420b04fd6e40f580498d314d595ea6.md,Done,High-Level%20Design%20Document%20v1%20712615b63bd043b4ad96eb5373ec2850.md,Task
Review HL Design Doc - GT,Garrett,,'-Review HL Design Doc and comment any questions or concerns,2,P5,,,Sprint%203%20b3420b04fd6e40f580498d314d595ea6.md,Done,High-Level%20Design%20Document%20v1%20712615b63bd043b4ad96eb5373ec2850.md,Task
Review HL Design Doc - BT,Bryan Tran,,'-Review HL Design Doc and comment any questions or concerns,2,P5,2,BT%20f839f6d0295e48fcab486bf45e055175.md,Sprint%203%20b3420b04fd6e40f580498d314d595ea6.md,Done,High-Level%20Design%20Document%20v1%20712615b63bd043b4ad96eb5373ec2850.md,Task
Review HL Design Doc - DK,Darius Koroni,,'-Review HL Design Doc and comment any questions or concerns,2,P5,1,DK%204bdca86c91d9439b8c6ff82341bb1990.md,Sprint%203%20b3420b04fd6e40f580498d314d595ea6.md,Done,High-Level%20Design%20Document%20v1%20712615b63bd043b4ad96eb5373ec2850.md,Task
Review HL Design Doc - KD,Kevin Dinh,,'-Review HL Design Doc and comment any questions or concerns,2,P5,1,Untitled%20e0f14f8a4bb140e6b699f7375100ef9a.md,Sprint%203%20b3420b04fd6e40f580498d314d595ea6.md,Done,High-Level%20Design%20Document%20v1%20712615b63bd043b4ad96eb5373ec2850.md,Task
Review HL Design Doc - TN,Tien,,-Review HL Design Doc and comment any questions or concerns,2,P5,,,Sprint%203%20b3420b04fd6e40f580498d314d595ea6.md,Done,High-Level%20Design%20Document%20v1%20712615b63bd043b4ad96eb5373ec2850.md,Task
Adjudicate Vong’s Comments,Kevin Dinh,,,1,P5,,,Sprint%203%20b3420b04fd6e40f580498d314d595ea6.md,Done,High-Level%20Design%20Document%20v1%20712615b63bd043b4ad96eb5373ec2850.md,Task
Compile the Research High-level Design and Research High-level Design Document Format - TN,Tien,,-Support writing HL Design Doc,3,P5,1,TN%20e9b489f59f7745bca1b81506b210db34.md,Sprint%203%20b3420b04fd6e40f580498d314d595ea6.md,Done,High-Level%20Design%20Document%20v1%20712615b63bd043b4ad96eb5373ec2850.md,Task
Compile the Research High-level Design and Research High-level Design Document Format - KD,Kevin Dinh,,,2,P5,,,Sprint%203%20b3420b04fd6e40f580498d314d595ea6.md,Done,High-Level%20Design%20Document%20v1%20712615b63bd043b4ad96eb5373ec2850.md,Task
Adjudicate Comments for Rent RFP v4 - BT,Bryan Tran,,"Adjudicate comments from Jett and Professor Vong
Should be fully reviewed before submission",1,,1,BT%201889c2f871474a4887ede443174bff4d.md,Sprint%202%2087f766b2aea949e0975d92e7109d70fb.md,Done,Hubba%20RFP%20v%201%204%203dfb96ff9b06473f9ea9a0a0f59ad05b.md,Task
Adjudicate Comments for Rent RFP v4 - JS,Jett Sonoda,,"Adjudicate comments from Bryan and Professor Vong
Should be fully reviewed before submission",1,,0.5,JS%20f9459aa27a3046c8934915db721c57e9.md,Sprint%202%2087f766b2aea949e0975d92e7109d70fb.md,Done,Hubba%20RFP%20v%201%204%203dfb96ff9b06473f9ea9a0a0f59ad05b.md,Task
Adjudicate Comments for RFP v3 - BT,Bryan Tran,,"Adjudicate all comments from Professor Vong’s email received on 9.27.2022.
Ensure all of the RFP is ready to be sent out for review.",0.5,,0.5,BT%20616cb40e3bd14787893b221f47eacfef.md,Sprint%202%2087f766b2aea949e0975d92e7109d70fb.md,Done,Hubba%20RFP%20v%201%203%20e9e43ced84894ae7b3eaba0a505fd5ed.md,Task
Adjudicate Comments for RFP v3 - JS,Jett Sonoda,,"Adjudicate all comments from Professor Vong’s email received on 9.27.2022.
Ensure all of the RFP is ready to be sent out for review.",0.5,,0.5,JS%20664f0a5299d94bda9cd6a1e69c0eccb7.md,Sprint%202%2087f766b2aea949e0975d92e7109d70fb.md,Done,Hubba%20RFP%20v%201%203%20e9e43ced84894ae7b3eaba0a505fd5ed.md,Task
Research Internal Project Plan,Jett Sonoda,,"NOTE: This is for the team, nearly day-to-day details, from now to next semester
- Write notes on how to create an Internal Project Plan based on findings of other Project Plan documents",3,,1,"JS%20717184617337401f8b8388370218a4e0.md, JS%202d86be54ae0b4369b770417369a3a086.md",Sprint%202%2087f766b2aea949e0975d92e7109d70fb.md,Done,Research%20Project%20Plan%20Format%20710d49590234467a9670c2e7659d9e45.md,Task
Research Roadmap,Jett Sonoda,,"NOTE: This is for the client, from now to next semester
- Write notes on how to create a Roadmap based on findings of other Roadmap documents",2,,2,"JS%20b042281f5f16408e817b57b04ef125b6.md, JS%20a5a66517c6954eaa9936ad04f230ae09.md, JS%20611230dc2c2f47b4b29b89112afdc608.md",Sprint%202%2087f766b2aea949e0975d92e7109d70fb.md,Done,Research%20Project%20Plan%20Format%20710d49590234467a9670c2e7659d9e45.md,Task
Add another Feature - JS,Jett Sonoda,,"- Brainstorm a core feature to add
- Add a scope and value",1,,0.25,JS%20a51b5fe37a6142f49b28af48447884df.md,Sprint%202%2087f766b2aea949e0975d92e7109d70fb.md,Done,Hubba%20RFP%20v%201%202%205a17265649a94146be1ce504f17db88e.md,Task
Review entire RFP - BT,Bryan Tran,,- Ensure all sections of the RFP align with the scope,0.5,,0.5,BT%200eba507b770648fd9e08b83576c8b0cc.md,Sprint%202%2087f766b2aea949e0975d92e7109d70fb.md,Done,Hubba%20RFP%20v%201%202%205a17265649a94146be1ce504f17db88e.md,Task
Review entire RFP - JS,Jett Sonoda,,- Ensure all sections of the RFP align with the scope,0.5,,0.5,JS%203fc9a2fa343d4aa79ee030811da4453b.md,Sprint%202%2087f766b2aea949e0975d92e7109d70fb.md,Done,Hubba%20RFP%20v%201%202%205a17265649a94146be1ce504f17db88e.md,Task
Add another Feature - BT,Bryan Tran,,"- Brainstorm a core feature to add
- Add a scope and value",1,,1,BT%20135eb33dad3649e2ad3e3c36235ffa36.md,Sprint%202%2087f766b2aea949e0975d92e7109d70fb.md,Done,Hubba%20RFP%20v%201%202%205a17265649a94146be1ce504f17db88e.md,Task
Adjudicate comments on Features - JS,Jett Sonoda,,"- Implementation needs to be removed
- Ensure scope is in the specific category
- Remove Payment System
- Determine impacts of Notification and Messaging System
- Moderation System removed",1,,0.5,JS%20eb0a9807ca7c4cd1a661d5448b477b99.md,Sprint%202%2087f766b2aea949e0975d92e7109d70fb.md,Done,Hubba%20RFP%20v%201%202%205a17265649a94146be1ce504f17db88e.md,Task
Adjudicate comments on Features - BT,Bryan Tran,,"- Implementation needs to be removed
- Ensure scope is in the specific category
- Remove Payment System
- Determine impacts of Notification and Messaging System
- Moderation System removed",1,,2,"BT%205abc3ff67fee4405abbc8a106631ccba.md, BT%206b4544bf631441c38f3a0dd38eaa9fd6.md",Sprint%202%2087f766b2aea949e0975d92e7109d70fb.md,Done,Hubba%20RFP%20v%201%202%205a17265649a94146be1ce504f17db88e.md,Task
STORY: Initial Business Requirements Document,Tien,09/24/2022,"As a team, I want to outline the BRD in order to stay organized when populating the requirements.",5,,,,Sprint%201%20d66fa0a85732425da1a9452b3b9510a6.md,Done,Initial%20Business%20Requirements%20Document%20169b903f04284192834eeb5812a5a99e.md,Story
STORY: Rent RFP v1,Good Guy Jett,09/24/2022,"As a team, I want to align project understandings with the client to propose a viable idea.",25,,,,Sprint%201%20d66fa0a85732425da1a9452b3b9510a6.md,Ship,Hubba%20RFP%20v%201%20771ed77e8aad493ca8fe6198ac1997fb.md,Story
Research BRD and format,Tien,09/23/2022,Find example BRDs to read and learn the format and language used.,1,,1,TN%20667f31a236d540c997b07951826da641.md,Sprint%201%20d66fa0a85732425da1a9452b3b9510a6.md,Done,Initial%20Business%20Requirements%20Document%20169b903f04284192834eeb5812a5a99e.md,Task
Initial Formatting - TN,Tien,09/23/2022,Create the BRD with skeleton tables and formatting,4,,4,TN%20fa17ce0654fe411bb885323ec82bbdd9.md,Sprint%201%20d66fa0a85732425da1a9452b3b9510a6.md,Done,Initial%20Business%20Requirements%20Document%20169b903f04284192834eeb5812a5a99e.md,Task
Review RFP - KD,Kevin Dinh,09/23/2022,Review the entire RFP and leave comments on the document,1,,2,KD%2034ea8006df9e4f42bf291c3370baa11f.md,Sprint%201%20d66fa0a85732425da1a9452b3b9510a6.md,Done,Hubba%20RFP%20v%201%20771ed77e8aad493ca8fe6198ac1997fb.md,Task
Review RFP - JS,Good Guy Jett,09/23/2022,Review the entire RFP and leave comments on the document,1,,2.5,GJ%20da3ddfbd491647508fd53b92d6b03205.md,Sprint%201%20d66fa0a85732425da1a9452b3b9510a6.md,Done,Hubba%20RFP%20v%201%20771ed77e8aad493ca8fe6198ac1997fb.md,Task
Review RFP - BT,Bryan Tran,09/23/2022,Review the entire RFP and leave comments on the document,1,,1,BT%20e510fcbd307d4559aa27f40d938c79b5.md,Sprint%201%20d66fa0a85732425da1a9452b3b9510a6.md,Done,Hubba%20RFP%20v%201%20771ed77e8aad493ca8fe6198ac1997fb.md,Task
Review RFP - TN,Tien,09/23/2022,Review the entire RFP and leave comments on the document,1,,1,TN%2048ce0d4137894ef1b9f6c3044deec7fb.md,Sprint%201%20d66fa0a85732425da1a9452b3b9510a6.md,Done,Hubba%20RFP%20v%201%20771ed77e8aad493ca8fe6198ac1997fb.md,Task
Review RFP - GT,Garrett,09/23/2022,Review the entire RFP and leave comments on the document,1,,,,Sprint%201%20d66fa0a85732425da1a9452b3b9510a6.md,Done,Hubba%20RFP%20v%201%20771ed77e8aad493ca8fe6198ac1997fb.md,Task
Review RFP - DK,Darius Koroni,09/23/2022,Review the entire RFP and leave comments on the document,1,,,,Sprint%201%20d66fa0a85732425da1a9452b3b9510a6.md,Done,Hubba%20RFP%20v%201%20771ed77e8aad493ca8fe6198ac1997fb.md,Task
Populate Timeline - KD,Kevin Dinh,09/23/2022,Create the timeline for our deliverables after the features are developed,1,,0.5,KD%2079e9c5d0f4ca407e8e4d3adf4ce498b3.md,Sprint%201%20d66fa0a85732425da1a9452b3b9510a6.md,Done,Hubba%20RFP%20v%201%20771ed77e8aad493ca8fe6198ac1997fb.md,Task
Populate Project Description and Value - GT,Garrett,09/23/2022,Create the Project Description and value of our product,2,,,,Sprint%201%20d66fa0a85732425da1a9452b3b9510a6.md,Done,Hubba%20RFP%20v%201%20771ed77e8aad493ca8fe6198ac1997fb.md,Task
Populate Target Audience - DK,Darius Koroni,09/23/2022,Create the Target Audience for our service,1,,,,Sprint%201%20d66fa0a85732425da1a9452b3b9510a6.md,Done,Hubba%20RFP%20v%201%20771ed77e8aad493ca8fe6198ac1997fb.md,Task
Populate Competitors - BT,Bryan Tran,09/23/2022,"Create the Competitors tab that explains what the competitors service is, and how our service will be different/improved",1,,0.5,BT%2079da7891737f4d8384a56c0f6b647831.md,Sprint%201%20d66fa0a85732425da1a9452b3b9510a6.md,Done,Hubba%20RFP%20v%201%20771ed77e8aad493ca8fe6198ac1997fb.md,Task
Populate Competitors - TN,Tien,09/23/2022,"Create the Competitors tab that explains what the competitors service is, and how our service will be different/improved",1,,1,TN%204a9a872ece2242f884463ef466e4a05b.md,Sprint%201%20d66fa0a85732425da1a9452b3b9510a6.md,Done,Hubba%20RFP%20v%201%20771ed77e8aad493ca8fe6198ac1997fb.md,Task
Populate Vision - JS,Good Guy Jett,09/23/2022,Create the vision of future features and scalability,1,,1,JN%20d24c0b71d3bb426ba5209cd5f6641fdb.md,Sprint%201%20d66fa0a85732425da1a9452b3b9510a6.md,Done,Hubba%20RFP%20v%201%20771ed77e8aad493ca8fe6198ac1997fb.md,Task
Populate Vision - BT,Bryan Tran,09/23/2022,Create the vision of future features and scalability,1,,1,BT%2083057db219834b92b20f53cd02f6cdae.md,Sprint%201%20d66fa0a85732425da1a9452b3b9510a6.md,Done,Hubba%20RFP%20v%201%20771ed77e8aad493ca8fe6198ac1997fb.md,Task
Populate Features and Scope - BT,Bryan Tran,09/23/2022,"Create the features, value of each feature, scope, and implementation",2,,5.5,"BT%2080568f1ea18940faa6719c7c3304791b.md, BT%20d474443858a94676900483d6213b32a6.md",Sprint%201%20d66fa0a85732425da1a9452b3b9510a6.md,Done,Hubba%20RFP%20v%201%20771ed77e8aad493ca8fe6198ac1997fb.md,Task
Populate Features and Scope -KD,Kevin Dinh,09/23/2022,"Create the features, value of each feature, scope, and implementation",2,,4.5,KD%208261cf0b44f7474b8551ec9f5815311c.md,Sprint%201%20d66fa0a85732425da1a9452b3b9510a6.md,Done,Hubba%20RFP%20v%201%20771ed77e8aad493ca8fe6198ac1997fb.md,Task
Populate Features and Scope - JS,Jett Sonoda,09/23/2022,"Create the features, value of each feature, scope, and implementation",6,,6,"JS%20966fa55bf20647d680533a85fcb83724.md, JS%2099bcaa4121a34e51965939f8804ee449.md",Sprint%201%20d66fa0a85732425da1a9452b3b9510a6.md,Done,Hubba%20RFP%20v%201%20771ed77e8aad493ca8fe6198ac1997fb.md,Task
Populate Introduction - GT,Garrett,09/23/2022,Create the introduction to set up our value,1,,,,Sprint%201%20d66fa0a85732425da1a9452b3b9510a6.md,Done,Hubba%20RFP%20v%201%20771ed77e8aad493ca8fe6198ac1997fb.md,Task
Populate Glossary - DK,Darius Koroni,09/23/2022,Create the glossary table and define any technical terms,2,,,,Sprint%201%20d66fa0a85732425da1a9452b3b9510a6.md,Done,Hubba%20RFP%20v%201%20771ed77e8aad493ca8fe6198ac1997fb.md,Task