﻿Status,Task name,Story,Priority,Effort,Assign,Date,Description,Sprints,Tag,Productivity Log,Productivity
Done,Review BRD - JS,Business%20Requirements%20Document%20v2%20e951171d0bc74decb5d8739c91825d66.md,P0,3,Jett Sonoda,,-Review BRD and comment any questions or concerns,"Sprint%202%2087f766b2aea949e0975d92e7109d70fb.md, Sprint%203%20b3420b04fd6e40f580498d314d595ea6.md",Task,"5%20f902fffc38ac4643aae80b96c5827a9c.md, Untitled%2080abf4c48da54d0da752fdef7bb6e05b.md",1.75
Done,Review BRD - DK,Business%20Requirements%20Document%20v2%20e951171d0bc74decb5d8739c91825d66.md,P0,2,Darius Koroni,,-Review BRD and comment any questions or concerns,"Sprint%202%2087f766b2aea949e0975d92e7109d70fb.md, Sprint%203%20b3420b04fd6e40f580498d314d595ea6.md",Task,"DK%20ed8c1c478d024bd7bd3b5820b4a6c50b.md, DK%2016c422b07dfb40b6bed3adf7adce4587.md, DK%20e6ba8db70a974c45923ef855655048d4.md",6.5
Done,Review BRD - GT,Business%20Requirements%20Document%20v2%20e951171d0bc74decb5d8739c91825d66.md,P0,2,Garrett,,-Review BRD and comment any questions or concerns,"Sprint%202%2087f766b2aea949e0975d92e7109d70fb.md, Sprint%203%20b3420b04fd6e40f580498d314d595ea6.md",Task,,
Done,Review BRD - KD,Business%20Requirements%20Document%20v2%20e951171d0bc74decb5d8739c91825d66.md,P0,2,Kevin Dinh,,-Review BRD and comment any questions or concerns,"Sprint%202%2087f766b2aea949e0975d92e7109d70fb.md, Sprint%203%20b3420b04fd6e40f580498d314d595ea6.md",Task,"Untitled%204579987aee7e46f599389be00ecdff16.md, Untitled%204832d4d81d6b4cdaad3c6c269931d18f.md, Untitled%20101c0326bcec443fa0aeebf9b55b3287.md",6
Done,Review BRD - BT,Business%20Requirements%20Document%20v2%20e951171d0bc74decb5d8739c91825d66.md,P0,2,Bryan Tran,,-Review BRD and comment any questions or concerns,"Sprint%202%2087f766b2aea949e0975d92e7109d70fb.md, Sprint%203%20b3420b04fd6e40f580498d314d595ea6.md",Task,,
Done,Conduct Internal Review of BRD,Business%20Requirements%20Document%20v2%20e951171d0bc74decb5d8739c91825d66.md,P0,1,Tien,,-Ensure all comments and questions are answered,"Sprint%202%2087f766b2aea949e0975d92e7109d70fb.md, Sprint%203%20b3420b04fd6e40f580498d314d595ea6.md",Task,"TN%20bed00dfabd654593801031fcb5e5a035.md, TN%20a85ab8dbb2a946f3bb27815bd02e2220.md, TN%2001c724fe9957429ea8e9740d9ba9c7fd.md, TN%203e3359552c464941b8fb5ecc793e3100.md",8
Done,Write the Cover Page/Abstract,Business%20Requirements%20Document%20v2%20e951171d0bc74decb5d8739c91825d66.md,P0,1,Garrett,,,"Sprint%202%2087f766b2aea949e0975d92e7109d70fb.md, Sprint%203%20b3420b04fd6e40f580498d314d595ea6.md",Task,,
Done,Populate Account System Feature,Business%20Requirements%20Document%20v2%20e951171d0bc74decb5d8739c91825d66.md,P0,5,Tien,,"- Create Functional Requirements
- Create Non-functional Requirements
- Create Business Rules
- Create Verification/Error Handling Protocols","Sprint%202%2087f766b2aea949e0975d92e7109d70fb.md, Sprint%203%20b3420b04fd6e40f580498d314d595ea6.md",Task,"TN%205ec8be4094ec4fde9f68f87b45c2813b.md, TN%2029737dec3be548c4bc7a64771a7cd551.md, TN%20bb99e59832f548569498c6d94f5acc7e.md",5
Done,Populate Listing Profile System Feature,Business%20Requirements%20Document%20v2%20e951171d0bc74decb5d8739c91825d66.md,P0,1,Garrett,,"- Create Functional Requirements
- Create Non-functional Requirements
- Create Business Rules
- Create Verification/Error Handling Protocols","Sprint%202%2087f766b2aea949e0975d92e7109d70fb.md, Sprint%203%20b3420b04fd6e40f580498d314d595ea6.md",Task,,
Done,Populate Notification System Feature,Business%20Requirements%20Document%20v2%20e951171d0bc74decb5d8739c91825d66.md,P0,3,Kevin Dinh,,"- Create Functional Requirements
- Create Non-functional Requirements
- Create Business Rules
- Create Verification/Error Handling Protocols","Sprint%202%2087f766b2aea949e0975d92e7109d70fb.md, Sprint%203%20b3420b04fd6e40f580498d314d595ea6.md",Task,"KD%2094b128e29b134591a5ac9e6db2118fee.md, Untitled%2005beba569b8546bcabafad08c2f80b61.md, Untitled%202109505d92c34a55b8d7fbfede6284dd.md",4.5
Done,Populate Messaging System Feature,Business%20Requirements%20Document%20v2%20e951171d0bc74decb5d8739c91825d66.md,P0,3,Kevin Dinh,,"- Create Functional Requirements
- Create Non-functional Requirements
- Create Business Rules
- Create Verification/Error Handling Protocols",Sprint%202%2087f766b2aea949e0975d92e7109d70fb.md,Task,KD%2006ae6f562dac4c4d877a5ed12aa86cdc.md,
Done,Populate Discovery System Feature,Business%20Requirements%20Document%20v2%20e951171d0bc74decb5d8739c91825d66.md,P0,3,Bryan Tran,,"- Create Functional Requirements
- Create Non-functional Requirements
- Create Business Rules
- Create Verification/Error Handling Protocols",Sprint%202%2087f766b2aea949e0975d92e7109d70fb.md,Task,BT%20b76770822e394552b83d1e2dfc86ae56.md,3
Done,Populate Scheduling System Feature,Business%20Requirements%20Document%20v2%20e951171d0bc74decb5d8739c91825d66.md,P0,5,Darius Koroni,,"- Create Functional Requirements
- Create Non-functional Requirements
- Create Business Rules
- Create Verification/Error Handling Protocols",Sprint%202%2087f766b2aea949e0975d92e7109d70fb.md,Task,"DK%20a7e6d0150d3e42c1b7efff4d84c883c7.md, DK%20a52eb2eae57f45c1b7b7beb9cb10b094.md, DK%2089bace38018b4a00aa5b57f86ab436f4.md",4.2
Done,Populate the Project Showcase Feature Requirements,Project-wide%20Scope%20Requirements%20for%20BRD%204e84ca8b13ec4ec8929723e88b2255b7.md,P1,2,Darius Koroni,,"- Create Functional Requirements
- Create Non-functional Requirements
- Create Business Rules
- Create Verification/Error Handling Protocols",Sprint%203%20b3420b04fd6e40f580498d314d595ea6.md,Task,"DK%20bb158117c2214d779ff2eca2133a119d.md, DK%20c9e457b3d1b24f8a9d8adfd96a33bb73.md",3
Done,Populate the Logging System Requirements,Project-wide%20Scope%20Requirements%20for%20BRD%204e84ca8b13ec4ec8929723e88b2255b7.md,P1,2,Tien,,"- Create Functional Requirements
- Create Non-functional Requirements
- Create Verification/Error Handling Protocols",Sprint%203%20b3420b04fd6e40f580498d314d595ea6.md,Task,TN%20cd198298edbd41e68d0c3ffa0a587692.md,2
Done,Populate the Error-Handling System Requirements,Project-wide%20Scope%20Requirements%20for%20BRD%204e84ca8b13ec4ec8929723e88b2255b7.md,P1,2,Bryan Tran,,"- Create Functional Requirements
- Create Non-functional Requirements
- Create Verification/Error Handling Protocols",Sprint%203%20b3420b04fd6e40f580498d314d595ea6.md,Task,BT%20a74b99de9b6e4e898b84bb09dbad1955.md,2
Done,Review Project Plan - GT,Project%20Plan%20v1%200a6a4e32bcff4379a00a3b4c055f7e32.md,P2,1,Garrett,,-Review BRD and comment any questions or concerns,Sprint%203%20b3420b04fd6e40f580498d314d595ea6.md,Task,,
Done,Review Project Plan - TN,Project%20Plan%20v1%200a6a4e32bcff4379a00a3b4c055f7e32.md,P2,1,Tien,,-Review BRD and comment any questions or concerns,Sprint%203%20b3420b04fd6e40f580498d314d595ea6.md,Task,TN%207a68f00766064319ac6d1aec81438dc3.md,1
Done,Review Project Plan - DK,Project%20Plan%20v1%200a6a4e32bcff4379a00a3b4c055f7e32.md,P2,1,Darius Koroni,,-Review BRD and comment any questions or concerns,Sprint%203%20b3420b04fd6e40f580498d314d595ea6.md,Task,Untitled%20500b21a6a35541279f059ae770983ab3.md,0.5
Done,Review Project Plan - KD,Project%20Plan%20v1%200a6a4e32bcff4379a00a3b4c055f7e32.md,P2,1,Kevin Dinh,,-Review BRD and comment any questions or concerns,Sprint%203%20b3420b04fd6e40f580498d314d595ea6.md,Task,"KD%20639ea154bc3e4e48bd34835d4b6fcd9a.md, Untitled%20d5c96616a749441d9d8495522a5e05c8.md, Untitled%20d3c3da94f09145cca5ca2bb32ae2798e.md",2.5
Done,Review Project Plan - BT,Project%20Plan%20v1%200a6a4e32bcff4379a00a3b4c055f7e32.md,P2,1,Bryan Tran,,-Review BRD and comment any questions or concerns,Sprint%203%20b3420b04fd6e40f580498d314d595ea6.md,Task,BT%20b6f77669de8d44a4b45d36dc1f890237.md,1
Done,Conduct Review of Project Plan - JS,Project%20Plan%20v1%200a6a4e32bcff4379a00a3b4c055f7e32.md,P2,1,Jett Sonoda,,,Sprint%203%20b3420b04fd6e40f580498d314d595ea6.md,Task,JS%204d289dca9f194c59bca67e5d7fa649a5.md,0.5
Done,Map out the Internal Project Plan - KD,Project%20Plan%20v1%200a6a4e32bcff4379a00a3b4c055f7e32.md,P2,1.5,Kevin Dinh,,,Sprint%203%20b3420b04fd6e40f580498d314d595ea6.md,Task,,
Done,Map out the Internal Project Plan - JS,Project%20Plan%20v1%200a6a4e32bcff4379a00a3b4c055f7e32.md,P2,1.5,Jett Sonoda,,,Sprint%203%20b3420b04fd6e40f580498d314d595ea6.md,,"JS%208bd49cffb8f446fe828877203d2d4202.md, Untitled%20b108a08ae7e14f26b9149d27e0a56631.md, Untitled%20c7279c61c3d446f6874116f676bed666.md",6.5
Done,Create stories/more granular names for the Internal Project Plan - TN,Project%20Plan%20v1%200a6a4e32bcff4379a00a3b4c055f7e32.md,P2,2,Tien,,,Sprint%203%20b3420b04fd6e40f580498d314d595ea6.md,Task,,
Done,Create stories/more granular names for the Internal Project Plan - JS,Project%20Plan%20v1%200a6a4e32bcff4379a00a3b4c055f7e32.md,P2,4,Jett Sonoda,,,Sprint%203%20b3420b04fd6e40f580498d314d595ea6.md,Task,"JS%205de1789940b24b1ca64f8f6d839cd265.md, Untitled%20dc5e4604c7de4f43ba585b8ace25d5e4.md, Untitled%2068296c56381841d3830262fe05eddf7b.md",8
Done,Fix small changes to the Client Roadmap,Project%20Plan%20v1%200a6a4e32bcff4379a00a3b4c055f7e32.md,P2,0.25,Jett Sonoda,,,Sprint%203%20b3420b04fd6e40f580498d314d595ea6.md,Task,JS%208833f36c4d2e48f3a4bc00034a6bae5d.md,0.25
Done,Create diagrams for each component of the General Behavior/Architecture - BT,Research%20High-Level%20Design%2039c5c32464954d1ab6226f64ab78ebd9.md,P3,2,Bryan Tran,,Input: Research General Behavior of the System,Sprint%203%20b3420b04fd6e40f580498d314d595ea6.md,Task,"BT%20458fb9f8be9d451e9780e5700c61eb90.md, BT%20f4ea4fdab10b45479df682e1c1edd885.md",3
Done,Create diagrams for each component of the General Behavior/Architecture - JS,Research%20High-Level%20Design%2039c5c32464954d1ab6226f64ab78ebd9.md,P3,2,Jett Sonoda,,Input: Research General Behavior of the System,Sprint%203%20b3420b04fd6e40f580498d314d595ea6.md,Task,,
Done,Research Architecture of the system - GT,Research%20High-Level%20Design%2039c5c32464954d1ab6226f64ab78ebd9.md,P3,1.5,Garrett,,Document the findings of the architecture,Sprint%203%20b3420b04fd6e40f580498d314d595ea6.md,Task,,
Done,Research Architecture of the system - DK,Research%20High-Level%20Design%2039c5c32464954d1ab6226f64ab78ebd9.md,P3,2,Darius Koroni,,Document the findings of the architecture,Sprint%203%20b3420b04fd6e40f580498d314d595ea6.md,Task,DK%203923a7780be342afad5d071cb9a1b547.md,0.5
Done,Research Architecture of the system - JS,Research%20High-Level%20Design%2039c5c32464954d1ab6226f64ab78ebd9.md,P3,2,Jett Sonoda,,Document the findings of the architecture,Sprint%203%20b3420b04fd6e40f580498d314d595ea6.md,Task,1%20037b0c6ae0314074b950443bafde772c.md,1
Done," Research Architecture of the system - BT",Research%20High-Level%20Design%2039c5c32464954d1ab6226f64ab78ebd9.md,P3,2,Bryan Tran,,Document the findings of the architecture,Sprint%203%20b3420b04fd6e40f580498d314d595ea6.md,Task,BT%2042eacd30589e4e69ad81fee31abb793b.md,2
Done,Research General Behavior of the system - GT,Research%20High-Level%20Design%2039c5c32464954d1ab6226f64ab78ebd9.md,P3,3,Garrett,,"Document the findings of the general behavior which includes message format, web service style, input validation on frontend and backend, security, type of data storage, database tie-in, reference to error handling",Sprint%203%20b3420b04fd6e40f580498d314d595ea6.md,Task,,
Done,Research General Behavior of the system - DK,Research%20High-Level%20Design%2039c5c32464954d1ab6226f64ab78ebd9.md,P3,2,Darius Koroni,,"Document the findings of the general behavior which includes message format, web service style, input validation on frontend and backend, security, type of data storage, database tie-in, reference to error handling",Sprint%203%20b3420b04fd6e40f580498d314d595ea6.md,Task,,
Done,Research General Behavior of the system - JS,Research%20High-Level%20Design%2039c5c32464954d1ab6226f64ab78ebd9.md,P3,3,Jett Sonoda,,"Document the findings of the general behavior which includes message format, web service style, input validation on frontend and backend, security, type of data storage, database tie-in, reference to error handling",Sprint%203%20b3420b04fd6e40f580498d314d595ea6.md,Task,,
Done,Research General Behavior of the system - BT,Research%20High-Level%20Design%2039c5c32464954d1ab6226f64ab78ebd9.md,P3,2,Bryan Tran,,"Document the findings of the general behavior which includes message format, web service style, input validation on frontend and backend, security, type of data storage, database tie-in, reference to error handling",Sprint%203%20b3420b04fd6e40f580498d314d595ea6.md,Task,"BT%20b0ee61c9e34b43faa9ddf20a4d7079fd.md, BT%20fbc4b822f25e4a28a53029a693828f44.md",3
Done,Compile to create Google Doc of the High-level design,Research%20High-Level%20Design%20Document%20Format%20bf3ad20091334c0e9ce30e64054d490f.md,P4,2.5,Kevin Dinh,,,Sprint%203%20b3420b04fd6e40f580498d314d595ea6.md,Task,,
Done,Research High-level design documents online,Research%20High-Level%20Design%20Document%20Format%20bf3ad20091334c0e9ce30e64054d490f.md,P4,2.5,Kevin Dinh,,,Sprint%203%20b3420b04fd6e40f580498d314d595ea6.md,Task,"Untitled%20e7627f99bc7d4ad7ac6a42068c93bc33.md, Untitled%20f7ece497c9e044debba4b6d28814a741.md",3
Done,Review HL Design Doc - JS,High-Level%20Design%20Document%20v1%20712615b63bd043b4ad96eb5373ec2850.md,P5,2,Jett Sonoda,,'-Review HL Design Doc and comment any questions or concerns,Sprint%203%20b3420b04fd6e40f580498d314d595ea6.md,Task,,
Done,Review HL Design Doc - GT,High-Level%20Design%20Document%20v1%20712615b63bd043b4ad96eb5373ec2850.md,P5,2,Garrett,,'-Review HL Design Doc and comment any questions or concerns,Sprint%203%20b3420b04fd6e40f580498d314d595ea6.md,Task,,
Done,Review HL Design Doc - BT,High-Level%20Design%20Document%20v1%20712615b63bd043b4ad96eb5373ec2850.md,P5,2,Bryan Tran,,'-Review HL Design Doc and comment any questions or concerns,Sprint%203%20b3420b04fd6e40f580498d314d595ea6.md,Task,BT%20f839f6d0295e48fcab486bf45e055175.md,2
Done,Review HL Design Doc - DK,High-Level%20Design%20Document%20v1%20712615b63bd043b4ad96eb5373ec2850.md,P5,2,Darius Koroni,,'-Review HL Design Doc and comment any questions or concerns,Sprint%203%20b3420b04fd6e40f580498d314d595ea6.md,Task,DK%204bdca86c91d9439b8c6ff82341bb1990.md,1
Done,Review HL Design Doc - KD,High-Level%20Design%20Document%20v1%20712615b63bd043b4ad96eb5373ec2850.md,P5,2,Kevin Dinh,,'-Review HL Design Doc and comment any questions or concerns,Sprint%203%20b3420b04fd6e40f580498d314d595ea6.md,Task,Untitled%20e0f14f8a4bb140e6b699f7375100ef9a.md,1
Done,Review HL Design Doc - TN,High-Level%20Design%20Document%20v1%20712615b63bd043b4ad96eb5373ec2850.md,P5,2,Tien,,-Review HL Design Doc and comment any questions or concerns,Sprint%203%20b3420b04fd6e40f580498d314d595ea6.md,Task,,
Done,Adjudicate Vong’s Comments,High-Level%20Design%20Document%20v1%20712615b63bd043b4ad96eb5373ec2850.md,P5,1,Kevin Dinh,,,Sprint%203%20b3420b04fd6e40f580498d314d595ea6.md,Task,,
Done,Compile the Research High-level Design and Research High-level Design Document Format - TN,High-Level%20Design%20Document%20v1%20712615b63bd043b4ad96eb5373ec2850.md,P5,3,Tien,,-Support writing HL Design Doc,Sprint%203%20b3420b04fd6e40f580498d314d595ea6.md,Task,TN%20e9b489f59f7745bca1b81506b210db34.md,1
Done,Compile the Research High-level Design and Research High-level Design Document Format - KD,High-Level%20Design%20Document%20v1%20712615b63bd043b4ad96eb5373ec2850.md,P5,2,Kevin Dinh,,,Sprint%203%20b3420b04fd6e40f580498d314d595ea6.md,Task,,
Done,Adjudicate Comments for Rent RFP v4 - BT,Hubba%20RFP%20v%201%204%203dfb96ff9b06473f9ea9a0a0f59ad05b.md,,1,Bryan Tran,,"Adjudicate comments from Jett and Professor Vong
Should be fully reviewed before submission",Sprint%202%2087f766b2aea949e0975d92e7109d70fb.md,Task,BT%201889c2f871474a4887ede443174bff4d.md,1
Done,Adjudicate Comments for Rent RFP v4 - JS,Hubba%20RFP%20v%201%204%203dfb96ff9b06473f9ea9a0a0f59ad05b.md,,1,Jett Sonoda,,"Adjudicate comments from Bryan and Professor Vong
Should be fully reviewed before submission",Sprint%202%2087f766b2aea949e0975d92e7109d70fb.md,Task,JS%20f9459aa27a3046c8934915db721c57e9.md,0.5
Done,Adjudicate Comments for RFP v3 - BT,Hubba%20RFP%20v%201%203%20e9e43ced84894ae7b3eaba0a505fd5ed.md,,0.5,Bryan Tran,,"Adjudicate all comments from Professor Vong’s email received on 9.27.2022.
Ensure all of the RFP is ready to be sent out for review.",Sprint%202%2087f766b2aea949e0975d92e7109d70fb.md,Task,BT%20616cb40e3bd14787893b221f47eacfef.md,0.5
Done,Adjudicate Comments for RFP v3 - JS,Hubba%20RFP%20v%201%203%20e9e43ced84894ae7b3eaba0a505fd5ed.md,,0.5,Jett Sonoda,,"Adjudicate all comments from Professor Vong’s email received on 9.27.2022.
Ensure all of the RFP is ready to be sent out for review.",Sprint%202%2087f766b2aea949e0975d92e7109d70fb.md,Task,JS%20664f0a5299d94bda9cd6a1e69c0eccb7.md,0.5
Done,Research Internal Project Plan,Research%20Project%20Plan%20Format%20710d49590234467a9670c2e7659d9e45.md,,3,Jett Sonoda,,"NOTE: This is for the team, nearly day-to-day details, from now to next semester
- Write notes on how to create an Internal Project Plan based on findings of other Project Plan documents",Sprint%202%2087f766b2aea949e0975d92e7109d70fb.md,Task,"JS%20717184617337401f8b8388370218a4e0.md, JS%202d86be54ae0b4369b770417369a3a086.md",1
Done,Research Roadmap,Research%20Project%20Plan%20Format%20710d49590234467a9670c2e7659d9e45.md,,2,Jett Sonoda,,"NOTE: This is for the client, from now to next semester
- Write notes on how to create a Roadmap based on findings of other Roadmap documents",Sprint%202%2087f766b2aea949e0975d92e7109d70fb.md,Task,"JS%20b042281f5f16408e817b57b04ef125b6.md, JS%20a5a66517c6954eaa9936ad04f230ae09.md, JS%20611230dc2c2f47b4b29b89112afdc608.md",2
Done,Add another Feature - JS,Hubba%20RFP%20v%201%202%205a17265649a94146be1ce504f17db88e.md,,1,Jett Sonoda,,"- Brainstorm a core feature to add
- Add a scope and value",Sprint%202%2087f766b2aea949e0975d92e7109d70fb.md,Task,JS%20a51b5fe37a6142f49b28af48447884df.md,0.25
Done,Review entire RFP - BT,Hubba%20RFP%20v%201%202%205a17265649a94146be1ce504f17db88e.md,,0.5,Bryan Tran,,- Ensure all sections of the RFP align with the scope,Sprint%202%2087f766b2aea949e0975d92e7109d70fb.md,Task,BT%200eba507b770648fd9e08b83576c8b0cc.md,0.5
Done,Review entire RFP - JS,Hubba%20RFP%20v%201%202%205a17265649a94146be1ce504f17db88e.md,,0.5,Jett Sonoda,,- Ensure all sections of the RFP align with the scope,Sprint%202%2087f766b2aea949e0975d92e7109d70fb.md,Task,JS%203fc9a2fa343d4aa79ee030811da4453b.md,0.5
Done,Add another Feature - BT,Hubba%20RFP%20v%201%202%205a17265649a94146be1ce504f17db88e.md,,1,Bryan Tran,,"- Brainstorm a core feature to add
- Add a scope and value",Sprint%202%2087f766b2aea949e0975d92e7109d70fb.md,Task,BT%20135eb33dad3649e2ad3e3c36235ffa36.md,1
Done,Adjudicate comments on Features - JS,Hubba%20RFP%20v%201%202%205a17265649a94146be1ce504f17db88e.md,,1,Jett Sonoda,,"- Implementation needs to be removed
- Ensure scope is in the specific category
- Remove Payment System
- Determine impacts of Notification and Messaging System
- Moderation System removed",Sprint%202%2087f766b2aea949e0975d92e7109d70fb.md,Task,JS%20eb0a9807ca7c4cd1a661d5448b477b99.md,0.5
Done,Adjudicate comments on Features - BT,Hubba%20RFP%20v%201%202%205a17265649a94146be1ce504f17db88e.md,,1,Bryan Tran,,"- Implementation needs to be removed
- Ensure scope is in the specific category
- Remove Payment System
- Determine impacts of Notification and Messaging System
- Moderation System removed",Sprint%202%2087f766b2aea949e0975d92e7109d70fb.md,Task,"BT%205abc3ff67fee4405abbc8a106631ccba.md, BT%206b4544bf631441c38f3a0dd38eaa9fd6.md",2
Done,STORY: Initial Business Requirements Document,Initial%20Business%20Requirements%20Document%20169b903f04284192834eeb5812a5a99e.md,,5,Tien,09/24/2022,"As a team, I want to outline the BRD in order to stay organized when populating the requirements.",Sprint%201%20d66fa0a85732425da1a9452b3b9510a6.md,Story,,
Ship,STORY: Rent RFP v1,Hubba%20RFP%20v%201%20771ed77e8aad493ca8fe6198ac1997fb.md,,25,Good Guy Jett,09/24/2022,"As a team, I want to align project understandings with the client to propose a viable idea.",Sprint%201%20d66fa0a85732425da1a9452b3b9510a6.md,Story,,
Done,Research BRD and format,Initial%20Business%20Requirements%20Document%20169b903f04284192834eeb5812a5a99e.md,,1,Tien,09/23/2022,Find example BRDs to read and learn the format and language used.,Sprint%201%20d66fa0a85732425da1a9452b3b9510a6.md,Task,TN%20667f31a236d540c997b07951826da641.md,1
Done,Initial Formatting - TN,Initial%20Business%20Requirements%20Document%20169b903f04284192834eeb5812a5a99e.md,,4,Tien,09/23/2022,Create the BRD with skeleton tables and formatting,Sprint%201%20d66fa0a85732425da1a9452b3b9510a6.md,Task,TN%20fa17ce0654fe411bb885323ec82bbdd9.md,4
Done,Review RFP - KD,Hubba%20RFP%20v%201%20771ed77e8aad493ca8fe6198ac1997fb.md,,1,Kevin Dinh,09/23/2022,Review the entire RFP and leave comments on the document,Sprint%201%20d66fa0a85732425da1a9452b3b9510a6.md,Task,KD%2034ea8006df9e4f42bf291c3370baa11f.md,2
Done,Review RFP - JS,Hubba%20RFP%20v%201%20771ed77e8aad493ca8fe6198ac1997fb.md,,1,Good Guy Jett,09/23/2022,Review the entire RFP and leave comments on the document,Sprint%201%20d66fa0a85732425da1a9452b3b9510a6.md,Task,GJ%20da3ddfbd491647508fd53b92d6b03205.md,2.5
Done,Review RFP - BT,Hubba%20RFP%20v%201%20771ed77e8aad493ca8fe6198ac1997fb.md,,1,Bryan Tran,09/23/2022,Review the entire RFP and leave comments on the document,Sprint%201%20d66fa0a85732425da1a9452b3b9510a6.md,Task,BT%20e510fcbd307d4559aa27f40d938c79b5.md,1
Done,Review RFP - TN,Hubba%20RFP%20v%201%20771ed77e8aad493ca8fe6198ac1997fb.md,,1,Tien,09/23/2022,Review the entire RFP and leave comments on the document,Sprint%201%20d66fa0a85732425da1a9452b3b9510a6.md,Task,TN%2048ce0d4137894ef1b9f6c3044deec7fb.md,1
Done,Review RFP - GT,Hubba%20RFP%20v%201%20771ed77e8aad493ca8fe6198ac1997fb.md,,1,Garrett,09/23/2022,Review the entire RFP and leave comments on the document,Sprint%201%20d66fa0a85732425da1a9452b3b9510a6.md,Task,,
Done,Review RFP - DK,Hubba%20RFP%20v%201%20771ed77e8aad493ca8fe6198ac1997fb.md,,1,Darius Koroni,09/23/2022,Review the entire RFP and leave comments on the document,Sprint%201%20d66fa0a85732425da1a9452b3b9510a6.md,Task,,
Done,Populate Timeline - KD,Hubba%20RFP%20v%201%20771ed77e8aad493ca8fe6198ac1997fb.md,,1,Kevin Dinh,09/23/2022,Create the timeline for our deliverables after the features are developed,Sprint%201%20d66fa0a85732425da1a9452b3b9510a6.md,Task,KD%2079e9c5d0f4ca407e8e4d3adf4ce498b3.md,0.5
Done,Populate Project Description and Value - GT,Hubba%20RFP%20v%201%20771ed77e8aad493ca8fe6198ac1997fb.md,,2,Garrett,09/23/2022,Create the Project Description and value of our product,Sprint%201%20d66fa0a85732425da1a9452b3b9510a6.md,Task,,
Done,Populate Target Audience - DK,Hubba%20RFP%20v%201%20771ed77e8aad493ca8fe6198ac1997fb.md,,1,Darius Koroni,09/23/2022,Create the Target Audience for our service,Sprint%201%20d66fa0a85732425da1a9452b3b9510a6.md,Task,,
Done,Populate Competitors - BT,Hubba%20RFP%20v%201%20771ed77e8aad493ca8fe6198ac1997fb.md,,1,Bryan Tran,09/23/2022,"Create the Competitors tab that explains what the competitors service is, and how our service will be different/improved",Sprint%201%20d66fa0a85732425da1a9452b3b9510a6.md,Task,BT%2079da7891737f4d8384a56c0f6b647831.md,0.5
Done,Populate Competitors - TN,Hubba%20RFP%20v%201%20771ed77e8aad493ca8fe6198ac1997fb.md,,1,Tien,09/23/2022,"Create the Competitors tab that explains what the competitors service is, and how our service will be different/improved",Sprint%201%20d66fa0a85732425da1a9452b3b9510a6.md,Task,TN%204a9a872ece2242f884463ef466e4a05b.md,1
Done,Populate Vision - JS,Hubba%20RFP%20v%201%20771ed77e8aad493ca8fe6198ac1997fb.md,,1,Good Guy Jett,09/23/2022,Create the vision of future features and scalability,Sprint%201%20d66fa0a85732425da1a9452b3b9510a6.md,Task,JN%20d24c0b71d3bb426ba5209cd5f6641fdb.md,1
Done,Populate Vision - BT,Hubba%20RFP%20v%201%20771ed77e8aad493ca8fe6198ac1997fb.md,,1,Bryan Tran,09/23/2022,Create the vision of future features and scalability,Sprint%201%20d66fa0a85732425da1a9452b3b9510a6.md,Task,BT%2083057db219834b92b20f53cd02f6cdae.md,1
Done,Populate Features and Scope - BT,Hubba%20RFP%20v%201%20771ed77e8aad493ca8fe6198ac1997fb.md,,2,Bryan Tran,09/23/2022,"Create the features, value of each feature, scope, and implementation",Sprint%201%20d66fa0a85732425da1a9452b3b9510a6.md,Task,"BT%2080568f1ea18940faa6719c7c3304791b.md, BT%20d474443858a94676900483d6213b32a6.md",5.5
Done,Populate Features and Scope -KD,Hubba%20RFP%20v%201%20771ed77e8aad493ca8fe6198ac1997fb.md,,2,Kevin Dinh,09/23/2022,"Create the features, value of each feature, scope, and implementation",Sprint%201%20d66fa0a85732425da1a9452b3b9510a6.md,Task,KD%208261cf0b44f7474b8551ec9f5815311c.md,4.5
Done,Populate Features and Scope - JS,Hubba%20RFP%20v%201%20771ed77e8aad493ca8fe6198ac1997fb.md,,6,Jett Sonoda,09/23/2022,"Create the features, value of each feature, scope, and implementation",Sprint%201%20d66fa0a85732425da1a9452b3b9510a6.md,Task,"JS%20966fa55bf20647d680533a85fcb83724.md, JS%2099bcaa4121a34e51965939f8804ee449.md",6
Done,Populate Introduction - GT,Hubba%20RFP%20v%201%20771ed77e8aad493ca8fe6198ac1997fb.md,,1,Garrett,09/23/2022,Create the introduction to set up our value,Sprint%201%20d66fa0a85732425da1a9452b3b9510a6.md,Task,,
Done,Populate Glossary - DK,Hubba%20RFP%20v%201%20771ed77e8aad493ca8fe6198ac1997fb.md,,2,Darius Koroni,09/23/2022,Create the glossary table and define any technical terms,Sprint%201%20d66fa0a85732425da1a9452b3b9510a6.md,Task,,