﻿Task name,Status,Assign,Due,Sprint,Project,Is Current Sprint
Invite team members,Not Started,Garrett,"September 26, 2022",Sprint%203%20b3420b04fd6e40f580498d314d595ea6.md,"Getting%20started%20with%20Projects,%20tasks%20&%20sprints%205ac01c86fb3e43849cef9452caca524c.md",No
Add Projects templates to Notion,Done,Garrett,"September 26, 2022",Sprint%203%20b3420b04fd6e40f580498d314d595ea6.md,"Getting%20started%20with%20Projects,%20tasks%20&%20sprints%205ac01c86fb3e43849cef9452caca524c.md",No
Task 4,Not Started,Garrett,"September 23, 2022",Sprint%202%2087f766b2aea949e0975d92e7109d70fb.md,Project%202%20dbcce7ced6d84072a95a6192086f82d2.md,Yes
Task 2,In Progress,Garrett,"September 24, 2022",Sprint%201%20d66fa0a85732425da1a9452b3b9510a6.md,Project%201%20a9bdae3379c94f4e9972b7a604b8fc0b.md,No
Task 3,Not Started,Garrett,"September 26, 2022",Sprint%202%2087f766b2aea949e0975d92e7109d70fb.md,Project%202%20dbcce7ced6d84072a95a6192086f82d2.md,Yes
Task 1,Done,Garrett,"September 23, 2022",Sprint%201%20d66fa0a85732425da1a9452b3b9510a6.md,Project%201%20a9bdae3379c94f4e9972b7a604b8fc0b.md,No