﻿Work item,Current Sprint,Descoped date,Due,Milestone,Planning Effort,Priority,Productivity,Sprints,Status,Tags
Project Plan v1,No,10/06/2022,,Milestone%201%20da40f3a1468c4ba6b3e76a3ab854a646.md,15,P2,"JS%208833f36c4d2e48f3a4bc00034a6bae5d.md, JS%205de1789940b24b1ca64f8f6d839cd265.md, JS%208bd49cffb8f446fe828877203d2d4202.md, JS%204d289dca9f194c59bca67e5d7fa649a5.md, BT%20b6f77669de8d44a4b45d36dc1f890237.md, KD%20639ea154bc3e4e48bd34835d4b6fcd9a.md, Untitled%20dc5e4604c7de4f43ba585b8ace25d5e4.md, Untitled%20b108a08ae7e14f26b9149d27e0a56631.md, Untitled%20c7279c61c3d446f6874116f676bed666.md, Untitled%2068296c56381841d3830262fe05eddf7b.md, TN%207a68f00766064319ac6d1aec81438dc3.md, Untitled%20d5c96616a749441d9d8495522a5e05c8.md, Untitled%20500b21a6a35541279f059ae770983ab3.md, Untitled%20d3c3da94f09145cca5ca2bb32ae2798e.md",Sprint%203%208eeed53a58604858a33e55908e967fd9.md,Descoped,Story
TrainE RFP v.1,No,09/12/2022,09/07/2022,Project%20Proposal%202dddfa18a72249be8fa5bbd301ae8b34.md,,,,Pre_Scrum%20161a2667db884e578402eb8e168f2a67.md,Descoped,Story
TrainE RFP v.2,No,09/12/2022,09/12/2022,Project%20Proposal%202dddfa18a72249be8fa5bbd301ae8b34.md,,,,Pre_Scrum%20161a2667db884e578402eb8e168f2a67.md,Descoped,Story
TrainE RFP v.3,No,09/19/2022,09/19/2022,Project%20Proposal%202dddfa18a72249be8fa5bbd301ae8b34.md,,,,Pre_Scrum%20161a2667db884e578402eb8e168f2a67.md,Descoped,Story
Hubba RFP v.1,No,09/24/2022,09/24/2022,Project%20Proposal%202dddfa18a72249be8fa5bbd301ae8b34.md,25,,"JS%2099bcaa4121a34e51965939f8804ee449.md, JS%20966fa55bf20647d680533a85fcb83724.md, TN%2048ce0d4137894ef1b9f6c3044deec7fb.md, TN%204a9a872ece2242f884463ef466e4a05b.md, BT%2080568f1ea18940faa6719c7c3304791b.md, BT%20d474443858a94676900483d6213b32a6.md, KD%208261cf0b44f7474b8551ec9f5815311c.md, KD%2079e9c5d0f4ca407e8e4d3adf4ce498b3.md, KD%2034ea8006df9e4f42bf291c3370baa11f.md, JN%20d24c0b71d3bb426ba5209cd5f6641fdb.md, BT%2083057db219834b92b20f53cd02f6cdae.md, BT%2079da7891737f4d8384a56c0f6b647831.md, BT%20e510fcbd307d4559aa27f40d938c79b5.md, GJ%20da3ddfbd491647508fd53b92d6b03205.md",Sprint%201%20896fe52f9f3c41b8a7fec6630d9b1876.md,Descoped,Story
Initial Business Requirements Document,No,09/26/2022,10/05/2022,Milestone%201%20da40f3a1468c4ba6b3e76a3ab854a646.md,5,,"TN%20fa17ce0654fe411bb885323ec82bbdd9.md, TN%20667f31a236d540c997b07951826da641.md",Sprint%201%20896fe52f9f3c41b8a7fec6630d9b1876.md,Descoped,Story
Research High-Level Design,No,10/06/2022,,Milestone%201%20da40f3a1468c4ba6b3e76a3ab854a646.md,15,P3,"1%20037b0c6ae0314074b950443bafde772c.md, BT%20fbc4b822f25e4a28a53029a693828f44.md, BT%20f4ea4fdab10b45479df682e1c1edd885.md, BT%20f839f6d0295e48fcab486bf45e055175.md, Untitled%20f7ece497c9e044debba4b6d28814a741.md, DK%203923a7780be342afad5d071cb9a1b547.md",Sprint%203%208eeed53a58604858a33e55908e967fd9.md,Descoped,Story
Business Requirements Document v2,"No,No",10/06/2022,,Milestone%201%20da40f3a1468c4ba6b3e76a3ab854a646.md,20,P0,"TN%205ec8be4094ec4fde9f68f87b45c2813b.md, DK%20a7e6d0150d3e42c1b7efff4d84c883c7.md, DK%20a52eb2eae57f45c1b7b7beb9cb10b094.md, KD%2094b128e29b134591a5ac9e6db2118fee.md, TN%2029737dec3be548c4bc7a64771a7cd551.md, KD%2006ae6f562dac4c4d877a5ed12aa86cdc.md, DK%2089bace38018b4a00aa5b57f86ab436f4.md, DK%20ed8c1c478d024bd7bd3b5820b4a6c50b.md, DK%20bb158117c2214d779ff2eca2133a119d.md, BT%20a74b99de9b6e4e898b84bb09dbad1955.md, Untitled%201675dccad6454b5a96e299a4a722491f.md, Untitled%2005beba569b8546bcabafad08c2f80b61.md, DK%20c9e457b3d1b24f8a9d8adfd96a33bb73.md, 5%20f902fffc38ac4643aae80b96c5827a9c.md, TN%20bb99e59832f548569498c6d94f5acc7e.md, TN%20bed00dfabd654593801031fcb5e5a035.md, TN%20cd198298edbd41e68d0c3ffa0a587692.md, BT%20b76770822e394552b83d1e2dfc86ae56.md, Untitled%202109505d92c34a55b8d7fbfede6284dd.md, Untitled%204579987aee7e46f599389be00ecdff16.md, DK%2016c422b07dfb40b6bed3adf7adce4587.md, Untitled%2080abf4c48da54d0da752fdef7bb6e05b.md, TN%20a85ab8dbb2a946f3bb27815bd02e2220.md, TN%2001c724fe9957429ea8e9740d9ba9c7fd.md, TN%203e3359552c464941b8fb5ecc793e3100.md, DK%20e6ba8db70a974c45923ef855655048d4.md, DK%204bdca86c91d9439b8c6ff82341bb1990.md, Untitled%204832d4d81d6b4cdaad3c6c269931d18f.md, Untitled%20101c0326bcec443fa0aeebf9b55b3287.md","Sprint%202%20427eb1e022d74213aeada09f56425209.md, Sprint%203%208eeed53a58604858a33e55908e967fd9.md",Descoped,Story
Hubba RFP v.1.2,No,09/27/2022,,Project%20Proposal%202dddfa18a72249be8fa5bbd301ae8b34.md,5,,"BT%205abc3ff67fee4405abbc8a106631ccba.md, BT%20135eb33dad3649e2ad3e3c36235ffa36.md, BT%200eba507b770648fd9e08b83576c8b0cc.md, JS%20eb0a9807ca7c4cd1a661d5448b477b99.md, JS%20a51b5fe37a6142f49b28af48447884df.md, JS%203fc9a2fa343d4aa79ee030811da4453b.md, BT%206b4544bf631441c38f3a0dd38eaa9fd6.md",Sprint%202%20427eb1e022d74213aeada09f56425209.md,Descoped,Story
Research Project Plan Format,No,09/29/2022,,Milestone%201%20da40f3a1468c4ba6b3e76a3ab854a646.md,5,,"JS%20b042281f5f16408e817b57b04ef125b6.md, JS%20a5a66517c6954eaa9936ad04f230ae09.md, JS%20611230dc2c2f47b4b29b89112afdc608.md, JS%20717184617337401f8b8388370218a4e0.md, JS%202d86be54ae0b4369b770417369a3a086.md",Sprint%202%20427eb1e022d74213aeada09f56425209.md,Descoped,Story
Research High-Level Design Document Format,No,10/06/2022,,Milestone%201%20da40f3a1468c4ba6b3e76a3ab854a646.md,5,P4,"BT%20458fb9f8be9d451e9780e5700c61eb90.md, BT%20b0ee61c9e34b43faa9ddf20a4d7079fd.md, BT%2042eacd30589e4e69ad81fee31abb793b.md",Sprint%203%208eeed53a58604858a33e55908e967fd9.md,Descoped,Story
High-Level Design Document v1,No,10/06/2022,,Milestone%201%20da40f3a1468c4ba6b3e76a3ab854a646.md,15,P5,"TN%20e9b489f59f7745bca1b81506b210db34.md, Untitled%20e7627f99bc7d4ad7ac6a42068c93bc33.md, Untitled%20e0f14f8a4bb140e6b699f7375100ef9a.md",Sprint%203%208eeed53a58604858a33e55908e967fd9.md,Descoped,Story
Hubba RFP v.1.3,No,09/27/2022,,Project%20Proposal%202dddfa18a72249be8fa5bbd301ae8b34.md,1,,"BT%20616cb40e3bd14787893b221f47eacfef.md, JS%20664f0a5299d94bda9cd6a1e69c0eccb7.md",Sprint%202%20427eb1e022d74213aeada09f56425209.md,Descoped,Story
Hubba RFP v.1.4,No,09/28/2022,,Project%20Proposal%202dddfa18a72249be8fa5bbd301ae8b34.md,2,,"JS%20f9459aa27a3046c8934915db721c57e9.md, BT%201889c2f871474a4887ede443174bff4d.md",Sprint%202%20427eb1e022d74213aeada09f56425209.md,Descoped,Story
Project-wide Scope Requirements for BRD,No,10/06/2022,,Milestone%201%20da40f3a1468c4ba6b3e76a3ab854a646.md,6,P1,,Sprint%203%208eeed53a58604858a33e55908e967fd9.md,Descoped,Story