﻿Task name,Assign,Due,Is Current Sprint,Project,Sprint,Status
Invite team members,Garrett,"September 26, 2022",No,"Getting%20started%20with%20Projects,%20tasks%20&%20sprints%205ac01c86fb3e43849cef9452caca524c.md",Sprint%203%20b3420b04fd6e40f580498d314d595ea6.md,Not Started
Add Projects templates to Notion,Garrett,"September 26, 2022",No,"Getting%20started%20with%20Projects,%20tasks%20&%20sprints%205ac01c86fb3e43849cef9452caca524c.md",Sprint%203%20b3420b04fd6e40f580498d314d595ea6.md,Done
Task 4,Garrett,"September 23, 2022",Yes,Project%202%20dbcce7ced6d84072a95a6192086f82d2.md,Sprint%202%2087f766b2aea949e0975d92e7109d70fb.md,Not Started
Task 2,Garrett,"September 24, 2022",No,Project%201%20a9bdae3379c94f4e9972b7a604b8fc0b.md,Sprint%201%20d66fa0a85732425da1a9452b3b9510a6.md,In Progress
Task 3,Garrett,"September 26, 2022",Yes,Project%202%20dbcce7ced6d84072a95a6192086f82d2.md,Sprint%202%2087f766b2aea949e0975d92e7109d70fb.md,Not Started
Task 1,Garrett,"September 23, 2022",No,Project%201%20a9bdae3379c94f4e9972b7a604b8fc0b.md,Sprint%201%20d66fa0a85732425da1a9452b3b9510a6.md,Done