﻿Date,Person,Story,Tasking Out,Status,Sprint,Original Effort,Work hour,n/a
09/15/2022,,,,,,,2,Features
09/16/2022,,,,,,,2,"Features, References"
09/17/2022,,,,,,,2,Vision
09/19/2022,Bryan Tran,,,,,,4,"Revise Feature Scopes, Adjust Project Scope"
09/19/2022,,,,,,,2,Vision Scope
09/22/2022,Bryan Tran,Hubba%20RFP%20v%201%20771ed77e8aad493ca8fe6198ac1997fb.md,Populate%20Features%20and%20Scope%20-%20BT%203124d57ba9bf435e835806ac6fec9d59.md,Done,https://www.notion.so/d66fa0a85732425da1a9452b3b9510a6,2,4,BT
09/22/2022,Kevin Dinh,Hubba%20RFP%20v%201%20771ed77e8aad493ca8fe6198ac1997fb.md,Populate%20Features%20and%20Scope%20-KD%20772c0af5892e440a8fe255a76fbdcc73.md,Done,https://www.notion.so/d66fa0a85732425da1a9452b3b9510a6,2,4.5,KD
09/22/2022,Jett Sonoda,Hubba%20RFP%20v%201%20771ed77e8aad493ca8fe6198ac1997fb.md,Populate%20Features%20and%20Scope%20-%20JS%20edd7909849774200b1390ab39b1230a4.md,Done,https://www.notion.so/d66fa0a85732425da1a9452b3b9510a6,6,5,JS
09/22/2022,Tien,Initial%20Business%20Requirements%20Document%20169b903f04284192834eeb5812a5a99e.md,Research%20BRD%20and%20format%2026eed281730b4dfca6d0826dce6e0a7b.md,Done,https://www.notion.so/d66fa0a85732425da1a9452b3b9510a6,1,1,TN
09/23/2022,Kevin Dinh,Hubba%20RFP%20v%201%20771ed77e8aad493ca8fe6198ac1997fb.md,Populate%20Timeline%20-%20KD%20e69929a77c6b413f99f521dd8707f8f3.md,Done,https://www.notion.so/d66fa0a85732425da1a9452b3b9510a6,1,0.5,KD
09/23/2022,Jett Sonoda,Hubba%20RFP%20v%201%20771ed77e8aad493ca8fe6198ac1997fb.md,Populate%20Features%20and%20Scope%20-%20JS%20edd7909849774200b1390ab39b1230a4.md,Done,https://www.notion.so/d66fa0a85732425da1a9452b3b9510a6,6,1,JS
09/23/2022,Jett Sonoda,Hubba%20RFP%20v%201%20771ed77e8aad493ca8fe6198ac1997fb.md,Populate%20Vision%20-%20JS%207a1766193b2249a2ac04ca0d8dd97bd0.md,Done,https://www.notion.so/d66fa0a85732425da1a9452b3b9510a6,1,1,JN
09/23/2022,Bryan Tran,Hubba%20RFP%20v%201%20771ed77e8aad493ca8fe6198ac1997fb.md,Populate%20Features%20and%20Scope%20-%20BT%203124d57ba9bf435e835806ac6fec9d59.md,Done,https://www.notion.so/d66fa0a85732425da1a9452b3b9510a6,2,1.5,BT
09/23/2022,Bryan Tran,Hubba%20RFP%20v%201%20771ed77e8aad493ca8fe6198ac1997fb.md,Populate%20Vision%20-%20BT%20becc9b883d7240bd8591c4c50c5811f6.md,Done,https://www.notion.so/d66fa0a85732425da1a9452b3b9510a6,1,1,BT
09/23/2022,Bryan Tran,Hubba%20RFP%20v%201%20771ed77e8aad493ca8fe6198ac1997fb.md,Populate%20Competitors%20-%20BT%204b485c425246415d8f1ae64f28e6f144.md,Done,https://www.notion.so/d66fa0a85732425da1a9452b3b9510a6,1,0.5,BT
09/23/2022,Bryan Tran,Hubba%20RFP%20v%201%20771ed77e8aad493ca8fe6198ac1997fb.md,Review%20RFP%20-%20BT%20b28f8361ca5a4ee7a2a7e6f88aa2922b.md,Done,https://www.notion.so/d66fa0a85732425da1a9452b3b9510a6,1,1,BT
09/26/2022,Bryan Tran,Hubba%20RFP%20v%201%202%205a17265649a94146be1ce504f17db88e.md,Adjudicate%20comments%20on%20Features%20-%20BT%20e04bb5ce6ef84691847fda9baa312ee1.md,Done,https://www.notion.so/87f766b2aea949e0975d92e7109d70fb,1,1,BT
09/27/2022,Bryan Tran,Hubba%20RFP%20v%201%202%205a17265649a94146be1ce504f17db88e.md,Add%20another%20Feature%20-%20BT%204a65c9e790e84fd486107b993fd84209.md,Done,https://www.notion.so/87f766b2aea949e0975d92e7109d70fb,1,1,BT
09/27/2022,Bryan Tran,Hubba%20RFP%20v%201%202%205a17265649a94146be1ce504f17db88e.md,Review%20entire%20RFP%20-%20BT%20acef089fed554f2b8f0d0eac8028abdd.md,Done,https://www.notion.so/87f766b2aea949e0975d92e7109d70fb,0.5,0.5,BT
09/27/2022,Bryan Tran,Hubba%20RFP%20v%201%202%205a17265649a94146be1ce504f17db88e.md,Adjudicate%20comments%20on%20Features%20-%20BT%20e04bb5ce6ef84691847fda9baa312ee1.md,Done,https://www.notion.so/87f766b2aea949e0975d92e7109d70fb,1,1,BT
09/27/2022,Bryan Tran,Hubba%20RFP%20v%201%203%20e9e43ced84894ae7b3eaba0a505fd5ed.md,Adjudicate%20Comments%20for%20RFP%20v3%20-%20BT%20aeaf96f086d94849b8f72760d2ceb5b3.md,Done,https://www.notion.so/87f766b2aea949e0975d92e7109d70fb,0.5,0.5,BT
09/28/2022,Bryan Tran,Hubba%20RFP%20v%201%204%203dfb96ff9b06473f9ea9a0a0f59ad05b.md,Adjudicate%20Comments%20for%20Rent%20RFP%20v4%20-%20BT%2081266abb529143e996612a5090e28810.md,Done,https://www.notion.so/87f766b2aea949e0975d92e7109d70fb,1,1,BT
10/01/2022,Bryan Tran,Research%20High-Level%20Design%20Document%20Format%20bf3ad20091334c0e9ce30e64054d490f.md,Create%20diagrams%20for%20each%20component%20of%20the%20General%20%20ed8fc8523faf4df0a8ca178785a944a3.md,Done,https://www.notion.so/b3420b04fd6e40f580498d314d595ea6,2,1,BT
10/01/2022,Bryan Tran,Research%20High-Level%20Design%20Document%20Format%20bf3ad20091334c0e9ce30e64054d490f.md,Research%20General%20Behavior%20of%20the%20system%20-%20BT%2046136943136e464488376496a80532a5.md,Done,https://www.notion.so/b3420b04fd6e40f580498d314d595ea6,2,1,BT
10/01/2022,Bryan Tran,Business%20Requirements%20Document%20v2%20e951171d0bc74decb5d8739c91825d66.md,Populate%20Discovery%20System%20Feature%20a6a16cdc1c9a44be89dcbc5fd6c2cade.md,Done,https://www.notion.so/87f766b2aea949e0975d92e7109d70fb,3,3,BT
10/01/2022,Bryan Tran,Business%20Requirements%20Document%20v2%20e951171d0bc74decb5d8739c91825d66.md,Populate%20the%20Error-Handling%20System%20Requirements%20899eb5755d7f477fb2997682c36a099c.md,Done,https://www.notion.so/b3420b04fd6e40f580498d314d595ea6,2,2,BT
10/02/2022,Bryan Tran,Project%20Plan%20v1%200a6a4e32bcff4379a00a3b4c055f7e32.md,Review%20Project%20Plan%20-%20BT%20c32519902055407d9d506f4974ee1246.md,Done,https://www.notion.so/b3420b04fd6e40f580498d314d595ea6,1,1,BT
10/03/2022,Bryan Tran,Research%20High-Level%20Design%20Document%20Format%20bf3ad20091334c0e9ce30e64054d490f.md,Research%20Architecture%20of%20the%20system%20-%20BT%200e01981230cd464f9107b911265d512e.md,Done,https://www.notion.so/b3420b04fd6e40f580498d314d595ea6,2,2,BT
10/03/2022,Bryan Tran,Research%20High-Level%20Design%2039c5c32464954d1ab6226f64ab78ebd9.md,Research%20General%20Behavior%20of%20the%20system%20-%20BT%2046136943136e464488376496a80532a5.md,Done,https://www.notion.so/b3420b04fd6e40f580498d314d595ea6,2,2,BT
10/04/2022,Bryan Tran,Research%20High-Level%20Design%2039c5c32464954d1ab6226f64ab78ebd9.md,Create%20diagrams%20for%20each%20component%20of%20the%20General%20%20ed8fc8523faf4df0a8ca178785a944a3.md,Done,https://www.notion.so/b3420b04fd6e40f580498d314d595ea6,2,2,BT
10/05/2022,Bryan Tran,Research%20High-Level%20Design%2039c5c32464954d1ab6226f64ab78ebd9.md,Review%20HL%20Design%20Doc%20-%20BT%20447889a3d9154e0da3004f0e108fd9d6.md,Done,https://www.notion.so/b3420b04fd6e40f580498d314d595ea6,2,2,BT
09/23/2022,Tien,Hubba%20RFP%20v%201%20771ed77e8aad493ca8fe6198ac1997fb.md,Populate%20Competitors%20-%20TN%20e9d7bafd2e3747e2bbf7373ee89120aa.md,Done,https://www.notion.so/d66fa0a85732425da1a9452b3b9510a6,1,1,TN
09/23/2022,Tien,Hubba%20RFP%20v%201%20771ed77e8aad493ca8fe6198ac1997fb.md,Review%20RFP%20-%20TN%20d3750eeec8e4456fa3ab1a5f1be9c042.md,Done,https://www.notion.so/d66fa0a85732425da1a9452b3b9510a6,1,1,TN
09/23/2022,Tien,Initial%20Business%20Requirements%20Document%20169b903f04284192834eeb5812a5a99e.md,Initial%20Formatting%20-%20TN%2096775a82a4714549bac7dc4ee3938019.md,Done,https://www.notion.so/d66fa0a85732425da1a9452b3b9510a6,4,4,TN
09/24/2022,Kevin Dinh,Hubba%20RFP%20v%201%20771ed77e8aad493ca8fe6198ac1997fb.md,Review%20RFP%20-%20KD%203c8f6ed680cb4083a2b681fdb32ba060.md,Done,https://www.notion.so/d66fa0a85732425da1a9452b3b9510a6,1,2,KD
09/27/2022,Jett Sonoda,Hubba%20RFP%20v%201%202%205a17265649a94146be1ce504f17db88e.md,Adjudicate%20comments%20on%20Features%20-%20JS%2066daab0636744ddaa529485315fbf5ae.md,Done,https://www.notion.so/87f766b2aea949e0975d92e7109d70fb,1,0.5,JS
09/27/2022,Jett Sonoda,Hubba%20RFP%20v%201%202%205a17265649a94146be1ce504f17db88e.md,Add%20another%20Feature%20-%20JS%2041a5d2470dbe4d5b85dbba58b016f12b.md,Done,https://www.notion.so/87f766b2aea949e0975d92e7109d70fb,1,0.25,JS
09/27/2022,Jett Sonoda,Hubba%20RFP%20v%201%202%205a17265649a94146be1ce504f17db88e.md,Review%20entire%20RFP%20-%20JS%20cad0e1425ed140e69753579d0c81b14f.md,Done,https://www.notion.so/87f766b2aea949e0975d92e7109d70fb,0.5,0.5,JS
09/27/2022,Jett Sonoda,Research%20Project%20Plan%20Format%20710d49590234467a9670c2e7659d9e45.md,Research%20Roadmap%207ec421c38cc04937af280a9764d60a8b.md,Done,https://www.notion.so/87f766b2aea949e0975d92e7109d70fb,2,0.25,JS
09/27/2022,Jett Sonoda,Hubba%20RFP%20v%201%203%20e9e43ced84894ae7b3eaba0a505fd5ed.md,Adjudicate%20Comments%20for%20RFP%20v3%20-%20JS%20e1773f58707d493eb4cee86e6bd3bd28.md,Done,https://www.notion.so/87f766b2aea949e0975d92e7109d70fb,0.5,0.5,JS
09/28/2022,Jett Sonoda,Hubba%20RFP%20v%201%204%203dfb96ff9b06473f9ea9a0a0f59ad05b.md,Adjudicate%20Comments%20for%20Rent%20RFP%20v4%20-%20JS%20f1b1c0ae8fe24a19803afe7ccd099e2a.md,Done,https://www.notion.so/87f766b2aea949e0975d92e7109d70fb,1,0.5,JS
09/28/2022,Jett Sonoda,Research%20Project%20Plan%20Format%20710d49590234467a9670c2e7659d9e45.md,Research%20Roadmap%207ec421c38cc04937af280a9764d60a8b.md,Done,https://www.notion.so/87f766b2aea949e0975d92e7109d70fb,2,1,JS
09/28/2022,Jett Sonoda,Research%20Project%20Plan%20Format%20710d49590234467a9670c2e7659d9e45.md,Research%20Internal%20Project%20Plan%20d15e8e48688b4eb081602b7ac6850132.md,Done,https://www.notion.so/87f766b2aea949e0975d92e7109d70fb,3,0.5,JS
09/29/2022,Jett Sonoda,Research%20Project%20Plan%20Format%20710d49590234467a9670c2e7659d9e45.md,Research%20Roadmap%207ec421c38cc04937af280a9764d60a8b.md,Done,https://www.notion.so/87f766b2aea949e0975d92e7109d70fb,2,0.75,JS
09/29/2022,Jett Sonoda,Research%20Project%20Plan%20Format%20710d49590234467a9670c2e7659d9e45.md,Research%20Internal%20Project%20Plan%20d15e8e48688b4eb081602b7ac6850132.md,Done,https://www.notion.so/87f766b2aea949e0975d92e7109d70fb,3,0.5,JS
09/27/2022,Darius Koroni,Business%20Requirements%20Document%20v2%20e951171d0bc74decb5d8739c91825d66.md,Populate%20Scheduling%20System%20Feature%20f3bf0bfa96664916badceeecea0b3c69.md,Done,https://www.notion.so/87f766b2aea949e0975d92e7109d70fb,5,1.5,DK
09/28/2022,Darius Koroni,Business%20Requirements%20Document%20v2%20e951171d0bc74decb5d8739c91825d66.md,Populate%20Scheduling%20System%20Feature%20f3bf0bfa96664916badceeecea0b3c69.md,Done,https://www.notion.so/87f766b2aea949e0975d92e7109d70fb,5,1.5,DK
09/29/2022,Darius Koroni,Business%20Requirements%20Document%20v2%20e951171d0bc74decb5d8739c91825d66.md,Populate%20Scheduling%20System%20Feature%20f3bf0bfa96664916badceeecea0b3c69.md,Done,https://www.notion.so/87f766b2aea949e0975d92e7109d70fb,5,1.2,DK
09/30/2022,Darius Koroni,Business%20Requirements%20Document%20v2%20e951171d0bc74decb5d8739c91825d66.md,Review%20BRD%20-%20DK%20231da82bc2514e0da9b46e82dfc48fbb.md,Done,"https://www.notion.so/87f766b2aea949e0975d92e7109d70fb, https://www.notion.so/b3420b04fd6e40f580498d314d595ea6",2,0.5,DK
10/01/2022,Darius Koroni,Business%20Requirements%20Document%20v2%20e951171d0bc74decb5d8739c91825d66.md,Populate%20the%20Project%20Showcase%20Feature%20Requirements%20f3c3bea05d2f4ce28c17f8b39be0f677.md,Done,https://www.notion.so/b3420b04fd6e40f580498d314d595ea6,2,2,DK
10/02/2022,Darius Koroni,Business%20Requirements%20Document%20v2%20e951171d0bc74decb5d8739c91825d66.md,Populate%20the%20Project%20Showcase%20Feature%20Requirements%20f3c3bea05d2f4ce28c17f8b39be0f677.md,Done,https://www.notion.so/b3420b04fd6e40f580498d314d595ea6,2,1,DK
10/02/2022,Darius Koroni,Research%20High-Level%20Design%2039c5c32464954d1ab6226f64ab78ebd9.md,Research%20Architecture%20of%20the%20system%20-%20DK%200ef1959f776046d8878410eb293f07d3.md,Done,https://www.notion.so/b3420b04fd6e40f580498d314d595ea6,2,0.5,DK
10/03/2022,Darius Koroni,Business%20Requirements%20Document%20v2%20e951171d0bc74decb5d8739c91825d66.md,Review%20BRD%20-%20DK%20231da82bc2514e0da9b46e82dfc48fbb.md,Done,"https://www.notion.so/87f766b2aea949e0975d92e7109d70fb, https://www.notion.so/b3420b04fd6e40f580498d314d595ea6",2,2.5,DK
10/05/2022,Darius Koroni,Business%20Requirements%20Document%20v2%20e951171d0bc74decb5d8739c91825d66.md,Review%20HL%20Design%20Doc%20-%20DK%20a6fdd58168c24008a98d5938c91907fd.md,Done,https://www.notion.so/b3420b04fd6e40f580498d314d595ea6,2,1,DK
10/05/2022,Darius Koroni,Business%20Requirements%20Document%20v2%20e951171d0bc74decb5d8739c91825d66.md,Review%20BRD%20-%20DK%20231da82bc2514e0da9b46e82dfc48fbb.md,Done,"https://www.notion.so/87f766b2aea949e0975d92e7109d70fb, https://www.notion.so/b3420b04fd6e40f580498d314d595ea6",2,3.5,DK
10/05/2022,Darius Koroni,Project%20Plan%20v1%200a6a4e32bcff4379a00a3b4c055f7e32.md,Review%20Project%20Plan%20-%20DK%20e96cd0e3114e42a6bb19e0aab9e47d0d.md,Done,https://www.notion.so/b3420b04fd6e40f580498d314d595ea6,1,0.5,
,Darius Koroni,,,,,,,
,Darius Koroni,,,,,,,
,Darius Koroni,,,,,,,
09/29/2022,Kevin Dinh,Business%20Requirements%20Document%20v2%20e951171d0bc74decb5d8739c91825d66.md,Populate%20Notification%20System%20Feature%20df2f7f78cf774fa7b2bc6e27fbf9ff36.md,Done,"https://www.notion.so/87f766b2aea949e0975d92e7109d70fb, https://www.notion.so/b3420b04fd6e40f580498d314d595ea6",3,1.5,KD
10/01/2022,Kevin Dinh,Business%20Requirements%20Document%20v2%20e951171d0bc74decb5d8739c91825d66.md,Populate%20Notification%20System%20Feature%20df2f7f78cf774fa7b2bc6e27fbf9ff36.md,Done,"https://www.notion.so/87f766b2aea949e0975d92e7109d70fb, https://www.notion.so/b3420b04fd6e40f580498d314d595ea6",3,2,
10/02/2022,Kevin Dinh,Project%20Plan%20v1%200a6a4e32bcff4379a00a3b4c055f7e32.md,Review%20Project%20Plan%20-%20KD%20a163bfd65f2e498bbc8cdde2b6538dfe.md,Done,https://www.notion.so/b3420b04fd6e40f580498d314d595ea6,1,0.5,KD
10/03/2022,Kevin Dinh,Business%20Requirements%20Document%20v2%20e951171d0bc74decb5d8739c91825d66.md,Populate%20Notification%20System%20Feature%20df2f7f78cf774fa7b2bc6e27fbf9ff36.md,Done,"https://www.notion.so/87f766b2aea949e0975d92e7109d70fb, https://www.notion.so/b3420b04fd6e40f580498d314d595ea6",3,1,
10/02/2022,Kevin Dinh,,,,,,,
10/01/2022,Kevin Dinh,Business%20Requirements%20Document%20v2%20e951171d0bc74decb5d8739c91825d66.md,,,,,2.5,
,Kevin Dinh,Business%20Requirements%20Document%20v2%20e951171d0bc74decb5d8739c91825d66.md,Populate%20Messaging%20System%20Feature%20668815ccb6514de3a02bbbbc40168417.md,Done,https://www.notion.so/87f766b2aea949e0975d92e7109d70fb,3,0,KD
10/03/2022,Kevin Dinh,Business%20Requirements%20Document%20v2%20e951171d0bc74decb5d8739c91825d66.md,Review%20BRD%20-%20KD%20de64eb75ac55454d83a47bd9d44634d0.md,Done,"https://www.notion.so/87f766b2aea949e0975d92e7109d70fb, https://www.notion.so/b3420b04fd6e40f580498d314d595ea6",2,2,
,Kevin Dinh,,,,,,,
10/03/2022,Kevin Dinh,High-Level%20Design%20Document%20v1%20712615b63bd043b4ad96eb5373ec2850.md,Research%20High-level%20design%20documents%20online%207fbb111918d746fbb12610ac36c8e618.md,Done,https://www.notion.so/b3420b04fd6e40f580498d314d595ea6,2.5,2,
10/04/2022,Kevin Dinh,Business%20Requirements%20Document%20v2%20e951171d0bc74decb5d8739c91825d66.md,Review%20BRD%20-%20KD%20de64eb75ac55454d83a47bd9d44634d0.md,Done,"https://www.notion.so/87f766b2aea949e0975d92e7109d70fb, https://www.notion.so/b3420b04fd6e40f580498d314d595ea6",2,2,
10/04/2022,Kevin Dinh,Project%20Plan%20v1%200a6a4e32bcff4379a00a3b4c055f7e32.md,Review%20Project%20Plan%20-%20KD%20a163bfd65f2e498bbc8cdde2b6538dfe.md,Done,https://www.notion.so/b3420b04fd6e40f580498d314d595ea6,1,1,
10/05/2022,Kevin Dinh,Research%20High-Level%20Design%2039c5c32464954d1ab6226f64ab78ebd9.md,Research%20High-level%20design%20documents%20online%207fbb111918d746fbb12610ac36c8e618.md,Done,https://www.notion.so/b3420b04fd6e40f580498d314d595ea6,2.5,1,
10/05/2022,Kevin Dinh,Business%20Requirements%20Document%20v2%20e951171d0bc74decb5d8739c91825d66.md,Review%20BRD%20-%20KD%20de64eb75ac55454d83a47bd9d44634d0.md,Done,"https://www.notion.so/87f766b2aea949e0975d92e7109d70fb, https://www.notion.so/b3420b04fd6e40f580498d314d595ea6",2,2,
10/05/2022,Kevin Dinh,Project%20Plan%20v1%200a6a4e32bcff4379a00a3b4c055f7e32.md,Review%20Project%20Plan%20-%20KD%20a163bfd65f2e498bbc8cdde2b6538dfe.md,Done,https://www.notion.so/b3420b04fd6e40f580498d314d595ea6,1,1,
10/05/2022,Kevin Dinh,High-Level%20Design%20Document%20v1%20712615b63bd043b4ad96eb5373ec2850.md,Review%20HL%20Design%20Doc%20-%20KD%202655561eef6f4b3ba5cfa345781ed0f9.md,Done,https://www.notion.so/b3420b04fd6e40f580498d314d595ea6,2,1,
,Kevin Dinh,,,,,,,
,Kevin Dinh,,,,,,,
,Kevin Dinh,,,,,,,
10/01/2022,Jett Sonoda,Project%20Plan%20v1%200a6a4e32bcff4379a00a3b4c055f7e32.md,Fix%20small%20changes%20to%20the%20Client%20Roadmap%201996e31d870046acb1938d7a59db0cb0.md,Done,https://www.notion.so/b3420b04fd6e40f580498d314d595ea6,0.25,0.25,JS
10/01/2022,Jett Sonoda,Project%20Plan%20v1%200a6a4e32bcff4379a00a3b4c055f7e32.md,Create%20stories%20more%20granular%20names%20for%20the%20Interna%2038f776bbf5cc49f58abb12f44f952d52.md,Done,https://www.notion.so/b3420b04fd6e40f580498d314d595ea6,4,2.5,JS
10/01/2022,Jett Sonoda,Project%20Plan%20v1%200a6a4e32bcff4379a00a3b4c055f7e32.md,Map%20out%20the%20Internal%20Project%20Plan%20-%20JS%200d4bd9992d7d4d978acc5b354418b7c0.md,Done,https://www.notion.so/b3420b04fd6e40f580498d314d595ea6,1.5,0.5,JS
10/02/2022,Jett Sonoda,Project%20Plan%20v1%200a6a4e32bcff4379a00a3b4c055f7e32.md,Conduct%20Review%20of%20Project%20Plan%20-%20JS%20480e64d71e534f41bc28a493e579c3f2.md,Done,https://www.notion.so/b3420b04fd6e40f580498d314d595ea6,1,0.5,JS
10/02/2022,Jett Sonoda,Business%20Requirements%20Document%20v2%20e951171d0bc74decb5d8739c91825d66.md,Review%20BRD%20-%20JS%207a17b934dfee4521b8410001356d6409.md,Done,"https://www.notion.so/87f766b2aea949e0975d92e7109d70fb, https://www.notion.so/b3420b04fd6e40f580498d314d595ea6",3,0.5,.5
10/03/2022,Jett Sonoda,Research%20High-Level%20Design%2039c5c32464954d1ab6226f64ab78ebd9.md,Research%20Architecture%20of%20the%20system%20-%20JS%20e084511575c34033953aa4f081c9f9cb.md,Done,https://www.notion.so/b3420b04fd6e40f580498d314d595ea6,2,1,1
10/03/2022,Jett Sonoda,Business%20Requirements%20Document%20v2%20e951171d0bc74decb5d8739c91825d66.md,Review%20BRD%20-%20JS%207a17b934dfee4521b8410001356d6409.md,Done,"https://www.notion.so/87f766b2aea949e0975d92e7109d70fb, https://www.notion.so/b3420b04fd6e40f580498d314d595ea6",3,1.25,
10/04/2022,Jett Sonoda,Project%20Plan%20v1%200a6a4e32bcff4379a00a3b4c055f7e32.md,Create%20stories%20more%20granular%20names%20for%20the%20Interna%2038f776bbf5cc49f58abb12f44f952d52.md,Done,https://www.notion.so/b3420b04fd6e40f580498d314d595ea6,4,2,
10/04/2022,Jett Sonoda,Project%20Plan%20v1%200a6a4e32bcff4379a00a3b4c055f7e32.md,Map%20out%20the%20Internal%20Project%20Plan%20-%20JS%200d4bd9992d7d4d978acc5b354418b7c0.md,Done,https://www.notion.so/b3420b04fd6e40f580498d314d595ea6,1.5,1,
10/05/2022,Jett Sonoda,Project%20Plan%20v1%200a6a4e32bcff4379a00a3b4c055f7e32.md,Map%20out%20the%20Internal%20Project%20Plan%20-%20JS%200d4bd9992d7d4d978acc5b354418b7c0.md,Done,https://www.notion.so/b3420b04fd6e40f580498d314d595ea6,1.5,5,
10/05/2022,Jett Sonoda,Project%20Plan%20v1%200a6a4e32bcff4379a00a3b4c055f7e32.md,Create%20stories%20more%20granular%20names%20for%20the%20Interna%2038f776bbf5cc49f58abb12f44f952d52.md,Done,https://www.notion.so/b3420b04fd6e40f580498d314d595ea6,4,3.5,
,Jett Sonoda,,,,,,,
,Jett Sonoda,,,,,,,
,Jett Sonoda,,,,,,,
09/27/2022,Tien,Business%20Requirements%20Document%20v2%20e951171d0bc74decb5d8739c91825d66.md,Populate%20Account%20System%20Feature%204757157513cd434f84ef8f5c887c0757.md,Done,"https://www.notion.so/87f766b2aea949e0975d92e7109d70fb, https://www.notion.so/b3420b04fd6e40f580498d314d595ea6",5,1,TN
09/29/2022,Tien,Business%20Requirements%20Document%20v2%20e951171d0bc74decb5d8739c91825d66.md,Populate%20Account%20System%20Feature%204757157513cd434f84ef8f5c887c0757.md,Done,"https://www.notion.so/87f766b2aea949e0975d92e7109d70fb, https://www.notion.so/b3420b04fd6e40f580498d314d595ea6",5,2,TN
10/02/2022,Tien,Business%20Requirements%20Document%20v2%20e951171d0bc74decb5d8739c91825d66.md,Populate%20Account%20System%20Feature%204757157513cd434f84ef8f5c887c0757.md,Done,"https://www.notion.so/87f766b2aea949e0975d92e7109d70fb, https://www.notion.so/b3420b04fd6e40f580498d314d595ea6",5,2,TN
10/02/2022,Tien,Business%20Requirements%20Document%20v2%20e951171d0bc74decb5d8739c91825d66.md,Conduct%20Internal%20Review%20of%20BRD%20210ab597ed864d5ba48e255a2fe1ea9a.md,Done,"https://www.notion.so/87f766b2aea949e0975d92e7109d70fb, https://www.notion.so/b3420b04fd6e40f580498d314d595ea6",1,2,TN
10/03/2022,Tien,Business%20Requirements%20Document%20v2%20e951171d0bc74decb5d8739c91825d66.md,Populate%20the%20Logging%20System%20Requirements%20237ca149c6614fd48940145f5a43ab57.md,Done,https://www.notion.so/b3420b04fd6e40f580498d314d595ea6,2,2,TN
09/23/2022,Jett Sonoda,Hubba%20RFP%20v%201%20771ed77e8aad493ca8fe6198ac1997fb.md,Review%20RFP%20-%20JS%206eb4b891709347cd9563a1a60825c0fe.md,Done,https://www.notion.so/d66fa0a85732425da1a9452b3b9510a6,1,2.5,GJ
10/04/2022,Tien,Business%20Requirements%20Document%20v2%20e951171d0bc74decb5d8739c91825d66.md,Conduct%20Internal%20Review%20of%20BRD%20210ab597ed864d5ba48e255a2fe1ea9a.md,Done,"https://www.notion.so/87f766b2aea949e0975d92e7109d70fb, https://www.notion.so/b3420b04fd6e40f580498d314d595ea6",1,3,TN
10/05/2022,Tien,Business%20Requirements%20Document%20v2%20e951171d0bc74decb5d8739c91825d66.md,Conduct%20Internal%20Review%20of%20BRD%20210ab597ed864d5ba48e255a2fe1ea9a.md,Done,"https://www.notion.so/87f766b2aea949e0975d92e7109d70fb, https://www.notion.so/b3420b04fd6e40f580498d314d595ea6",1,2,TN
10/05/2022,Tien,High-Level%20Design%20Document%20v1%20712615b63bd043b4ad96eb5373ec2850.md,Compile%20the%20Research%20High-level%20Design%20and%20Researc%20cd7fc6f311ab49cc89a4e08f78102cd5.md,Done,https://www.notion.so/b3420b04fd6e40f580498d314d595ea6,3,1,TN
10/05/2022,Tien,Project%20Plan%20v1%200a6a4e32bcff4379a00a3b4c055f7e32.md,Review%20Project%20Plan%20-%20TN%20da4404d83ab04f8a937be974e1902dcf.md,Done,https://www.notion.so/b3420b04fd6e40f580498d314d595ea6,1,1,TN
10/05/2022,Tien,Business%20Requirements%20Document%20v2%20e951171d0bc74decb5d8739c91825d66.md,Conduct%20Internal%20Review%20of%20BRD%20210ab597ed864d5ba48e255a2fe1ea9a.md,Done,"https://www.notion.so/87f766b2aea949e0975d92e7109d70fb, https://www.notion.so/b3420b04fd6e40f580498d314d595ea6",1,1,TN